id,word_id,contributor_id,dialect,translation_runyoro,translation_rutooro,example_runyoro,example_rutooro,example_translation_en,related_words,created_at
2851,10391,12,Both,Akajuma kakutangira enda,Akajuma kakutangira enda,Akajuma kakutangira enda Kamirwa omukazi,Akajuma kakutangira enda Kamirwa omukazi,Pills are swallowed by women,,2026-03-11 15:12:58.548391+00
2852,2591,9,Both,Kubaza,Kubaza,Nigonza kubaza naiwe hati bunu.,Nigonza kubaza naiwe hati bunu.,I want to talk to you right now.,Gamba,2026-03-11 15:13:05.637583+00
2856,10535,12,Both,Omwana muto,Omwana muto,Omwanawe omuto arwaire,Omwanawe omuto arwaire,Her toddler is sick,,2026-03-11 15:14:02.179348+00
2858,10536,12,Both,Omusigazi,Omusigazi,"Omusigazi ahindukire iraka ","Omusigazi ahindukire iraka ",The adolescent boy’s voice has changed,,2026-03-11 15:15:23.311653+00
2859,2606,12,Both,Ensinganto,Ensinganto,Ensinganto ziteza abazaire emitwe,Ensinganto ziteza abazaire emitwe,"Teenagers really stress their parents ",,2026-03-11 15:16:24.534807+00
2860,9946,11,Both,omuhanda gwobusubuzi,omuhanda gwobusubuzi,Omuhanda gwobusubuzi nugumanyisa obusubuzi bukaba burungi mukasumi kenyuma.,Omuhanda gwobusubuzi nugumanyisa obusubuzi bukaba burungi mukasumi kenyuma.,Trade route informs that trade was good in the past.,oruguudo,2026-03-11 15:17:03.701447+00
2861,10538,12,Both,Omuntu mukuru,Omuntu mukuru,Omuntu mukuru ahebwa ekitiniisa,Omuntu mukuru ahebwa ekitiniisa,"An adult deserves respect ",,2026-03-11 15:17:32.465741+00
2862,10539,12,Both,Obukuru,Obukuru,Omukazi aine obukuru,Omukazi aine obukuru,"The lady is elderly ",,2026-03-11 15:18:54.48267+00
2863,10540,12,Both,Omukuru,Omukuru,Omukaikuru mukuru mukanisa,Omukaikuru mukuru mukanisa,She’s a church elder,,2026-03-11 15:19:29.369832+00
2864,9947,11,Both,orugudo rwa siliki,orugudo rwa siliki,orugudo rwa siliki nurwijukya obusubuzi obubukaba buroho ira.,orugudo rwa siliki nurwijukya obusubuzi obubukaba buroho ira.,Silk road is a memorial of trade in silk in the past.,muhanda,2026-03-11 15:20:20.792841+00
2865,10556,12,Both,"Kusarwa ","Kusarwa ",Kusarwa hakuzara nikusasa muno,Kusarwa hakuzara nikusasa muno,C-section is really painful,,2026-03-11 15:21:00.700991+00
2866,1176,9,Both,Kusandara,Kusandara,Omanyire kusandara wewe.,Omanyire kusandara wewe.,You know how to chat my friend.,Kusandaza,2026-03-11 15:21:49.581776+00
2870,10557,12,Both,Omwana atahikire,Omwana atahikire,Omwana akazaarwa atakikire habwokuba mamawe akarwara,Omwana akazaarwa atakikire habwokuba mamawe akarwara,"The child was a premature because her mum fell sick ",,2026-03-11 15:22:28.666175+00
2872,10558,12,Both,Azairwe namaani make,Azairwe namaani make,Omwana Azairwe namaani make,Omwana Azairwe namaani make,"The bay has low birth weight ",,2026-03-11 15:23:27.007875+00
2873,10559,12,Both,Azairwe afiire,Azairwe afiire,Omwanawe Azairwe afiire kyamusasa muno,Omwanawe Azairwe afiire kyamusasa muno,"She had a still birth and it really hurt her ",,2026-03-11 15:24:45.809786+00
2874,9948,11,Both,omuhanda gw'abinzaali,omuhanda gw'abinzaali,Omuhanda gw'abinzaali nigwolekya obusubuzi obukaba buroho.,Omuhanda gw'abinzaali nigwolekya obusubuzi obukaba buroho.,The spice route is a reminder of the trade in spices in old days.,ruguudo,2026-03-11 15:25:01.452509+00
2875,10560,12,Both,Endakurugamu,Endakurugamu,"Endakurugamu habwokuba omusaijawe akamutera ","Endakurugamu habwokuba omusaijawe akamutera ","She experienced a miscarriage because her husband beat her ",,2026-03-11 15:25:50.715555+00
2876,10561,12,Both,Okwihamu enda,Okwihamu enda,Okwihamu enda tikikirizibwa mu Uganda,Okwihamu enda tikikirizibwa mu Uganda,Abortion is not allowed in uganda,,2026-03-11 15:26:54.402697+00
2877,9949,11,Both,okuhweza,okuhweza,Okuhweza kuleetwa kwega ebihyaka ebbyomugaso kandi bikakorwa.,Okuhweza kuleetwa kwega ebihyaka ebbyomugaso kandi bikakorwa.,Civilization comes about as a result of learning new good practices.,okuhwituka,2026-03-11 15:27:54.864996+00
2878,5904,12,Both,"Omwenubo ","Omwenubo ","Akaba aine omwenubo yaceka ","Akaba aine omwenubo yaceka ","She was so stressed and she lost weight ",,2026-03-11 15:28:27.950975+00
2879,1241,9,Both,Kubaza,Kubaza,"Kubaza kwe kubaire, kwomugaso hali itwe.","Kubaza kwe kubaire, kwomugaso hali itwe.","His convesation was very useful to us. ",,2026-03-11 15:28:33.429165+00
2883,9950,11,Both,abantu bensi,abantu bensi,Abantu bensi bakora engeso ezirukusisana.,Abantu bensi bakora engeso ezirukusisana.,Society are the people who do the same practices.,abatu bensi,2026-03-11 15:30:52.526318+00
2884,9951,11,Both,obuzalirwana,obuzalirwana,Obuzalirwana tibucweka.,Obuzalirwana tibucweka.,Culture does not fade away.,ebyaira,2026-03-11 15:32:18.521606+00
2885,9952,11,Both,kitara,kitara,Kitara nubwo obukama obulema amakama agandi.,Kitara nubwo obukama obulema amakama agandi.,Empire is a kingdom that rules other kingdoms.,,2026-03-11 15:34:10.963416+00
2886,9953,11,Both,"obukama ","obukama ",Obukama bulemwa omukama.,Obukama bulemwa omukama.,The kingdom is ruled by a king.,ekicweka,2026-03-11 15:37:50.728713+00
2887,2097,9,Both,Anterire,Anterire,Anterirege nyina nyowe esimu nyenkya akara.,Anterirege nyina nyowe esimu nyenkya akara.,He made a phone call to my mother in the morning.,Kubaza ha simu,2026-03-11 15:40:00.261229+00
2889,9954,11,Both,endema rusigirangana,endema rusigirangana,Endema rusigirangana nuyo eya babiito omu Bunyoro na Tooro.,Endema rusigirangana nuyo eya babiito omu Bunyoro na Tooro.,Dynastry is that one of the Babiito in Bunyoro and Tooro.,obulemi busigirwangana,2026-03-11 15:40:53.07316+00
2890,9955,11,Both,obulemi,obulemi,Obulemi bwa Yoweri Museveni bubaire burungi om'Uganda.,Obulemi bwa Yoweri Museveni bubaire burungi om'Uganda.,The reign of Yoweri Museveni has been good in Uganda.,endema,2026-03-11 15:43:44.397887+00
2891,2619,9,Both,Obukwenda bwa hasimu.,Obukwenda bwa hasimu.,Ntungire obukwenda bwa hasimu kurunga mwa mugenzi wange.,Ntungire obukwenda bwa hasimu kurunga mwa mugenzi wange.,I recieved a text message from my sister.,Obutumwa,2026-03-11 15:44:48.53623+00
2895,9956,11,Both,okulema,okulema,Okulema abantu kurungi obaha obugabe kwokubaza.,Okulema abantu kurungi obaha obugabe kwokubaza.,Good rule give people freedom of speech.,okwebembera obulemi,2026-03-11 15:45:53.23973+00
2896,1543,9,Both,Kwegonza,Kwegonza,Bagenzire kwegonza hamwaro.,Bagenzire kwegonza hamwaro.,They have gone to the beach for fun.,Nibegonza,2026-03-11 15:50:07.185138+00
2898,1115,9,Both,Tibirumu nkwamu,Tibirumu nkwamu,Ebi ebizina tibirumu nkwamu.,Ebi ebizina tibirumu nkwamu.,Those songs are boring.,`Busamu nsa,2026-03-11 15:55:31.374542+00
2903,9957,11,Both,omukama,omukama,Omukama ayebembera obukama.,Omukama ayebembera obukama.,A king rules the kingdom.,mukama wensi,2026-03-11 15:57:03.434171+00
2904,9958,11,Both,omukamakati,omukamakati,Omukamakati Elizabeth akabaali nyina Omukama Charles owa Britain.,Omukamakati Elizabeth akabaali nyina Omukama Charles owa Britain.,Queen Elizabeth was the mother of king Charles.,omukama,2026-03-11 15:59:29.38493+00
2905,1732,9,Both,Kusemeza,Kusemeza,Nsungirege omuzano guru kusemeza.,Nsungirege omuzano guru kusemeza.,I watched an interesting movie.,Gusemize,2026-03-11 16:00:20.727415+00
2908,9959,11,Both,rukira bakama,rukira bakama,Rukira bakama nuwe alema abakama abandi.,Rukira bakama nuwe alema abakama abandi.,Emperor rules other kings.,empura,2026-03-11 16:03:37.062348+00
2909,9960,11,Both,rukirikama,rukirikama,Rukirikama aba mukazi anyakulema kitara.,Rukirikama aba mukazi anyakulema kitara.,Empress is the head of the empire.,mukazi,2026-03-11 16:05:45.861237+00
2910,1629,9,Both,Kusemererwa,Kusemererwa,Nyine kusemererwa kwingi habwo kukurora.,Nyine kusemererwa kwingi habwo kukurora.,I'm extremly happy to see you.,Omuniniro,2026-03-11 16:07:30.855563+00
2914,9961,11,Both,Faraho,Faraho,Fraho lyabaga ibara ly'omukama wa misiri ira naira.,Fraho lyabaga ibara ly'omukama wa misiri ira naira.,Pharaoh was the title for the kings of Egypt in the ancient days.,omukama,2026-03-11 16:08:34.286648+00
2915,9962,11,Both,kaisaali,kaisaali,Kaisaali yabaga rukira bakama wa Roma.,Kaisaali yabaga rukira bakama wa Roma.,Caesar was the emperor of Rome.,rukira bakama,2026-03-11 16:14:47.173513+00
2916,2314,9,Both,Obujune,Obujune,Akazooka aine munywaniwe obuyagenzire.,Akazooka aine munywaniwe obuyagenzire.,He looked sad when his friend left.,Enaku.,2026-03-11 16:18:30.481779+00
2921,9963,11,Both,rukira basaija,rukira basaija,Rukira basaija nuwe omukama aina obusobozi bwona omubukama.,Rukira basaija nuwe omukama aina obusobozi bwona omubukama.,Monarch is the head of state and all powers are vested upon him.,omukama,2026-03-11 16:20:10.987068+00
2922,9964,11,Both,obubiito,obubiito,Obubiito buba bwabo aboruganda rw'omukama.,Obubiito buba bwabo aboruganda rw'omukama.,Royalty belongs to those who belong to the king's clan.,abaana bengoma.,2026-03-11 16:22:13.815788+00
2923,1054,9,Both,Ekiniga,Ekiniga,Mpurra ekiniga omuntu obwambiha.,Mpurra ekiniga omuntu obwambiha.,I feel angry when someone lies me.,Kuhyema,2026-03-11 16:24:30.479565+00
2928,2665,9,Both,Kujwaha,Kujwaha,Najwaha kampumule.,Najwaha kampumule.,"I'm tired let me rest,",Obujwahi,2026-03-11 16:29:44.09836+00
2932,4823,9,Both,Ningonza,Ningonza,Ningonza kubaza naiwe.,Ningonza kubaza naiwe.,I want to talk to you.,Ntugonza,2026-03-11 16:33:10.524739+00
2938,1593,9,Both,Ninyija,Ninyija,Ninyija kuterra nyina nyowe hanyumaho kirokinu.,Ninyija kuterra nyina nyowe hanyumaho kirokinu.,I gotta call my mom later today.,Naija,2026-03-11 16:37:52.040313+00
2943,1770,9,Both,Ninsisana,Ninsisana,"Ninsisana nyine enjara, nabweki  ninsobora kutungayo obucwankucwaku.","Ninsisana nyine enjara, nabweki  ninsobora kutungayo obucwankucwaku.","I'm kind of hungry, so I might get a snack.",,2026-03-11 16:43:16.537669+00
2949,2481,9,Both,Nikisisana,Nikisisana,Nikisisana obwire buratagata kiro kinu.,Nikisisana obwire buratagata kiro kinu.,The weather is sort of warm.,Kisisanasana,2026-03-11 16:47:07.160857+00
2956,2677,9,Both,Nyingi muno,Nyingi muno,Halumu etoko nyingi muno mukisika munu.,Halumu etoko nyingi muno mukisika munu.,There is too much noise in this room.,Nyingi kwo,2026-03-11 16:53:58.451101+00
2960,1031,9,Both,Kataito,Kataito,Akererirweho kataito murukurato.,Akererirweho kataito murukurato.,He is a little late in the meeting.,Kitaito,2026-03-11 16:59:52.995802+00
2961,1032,9,Both,Bingi,Bingi,Munyanya nyowe aine ebikaguzo bingi.,Munyanya nyowe aine ebikaguzo bingi.,My litle brother has many questions.,Bingi kwo,2026-03-11 17:04:27.985529+00
2966,2750,9,Both,Nkozesa,Nkozesa,Nkozesa esimu yange kuterra abomuka.,Nkozesa esimu yange kuterra abomuka.,I use my phone to call my family.,Kozesa,2026-03-11 17:08:23.793689+00
2969,1865,9,Both,Nkorra,Nkorra,Nkorra omugogo gwenkaito.,Nkorra omugogo gwenkaito.,Make me a pair of shoes.,Tukole,2026-03-11 17:10:39.136188+00
2973,1336,9,Both,Kora,Kora,Kora omulimo ogu mubwire.,Kora omulimo ogu mubwire.,Do that work in time.,Kukora,2026-03-11 17:12:48.999746+00
2977,1148,9,Both,Nsobora,Nsobora,Nsobora kukora nabo.,Nsobora kukora nabo.,I can work with them.,Kusobora,2026-03-11 17:14:26.625572+00
2984,1254,9,Both,Ninsobora,Ninsobora,Ninsobora kugenda aheru habwakacu?,Ninsobora kugenda aheru habwakacu?,I could I go out side for a moment?,Nosobora,2026-03-11 17:24:20.531586+00
2989,2835,9,Both,Ninyija,Ninyija,Ninyija kukusabira.,Ninyija kukusabira.,I will pray for you.,Nitwija,2026-03-11 17:27:55.726641+00
2994,2861,9,Both,Nakubaire,Nakubaire,Nakubaire mpikire baitu nkererezibwe motoka.,Nakubaire mpikire baitu nkererezibwe motoka.,I would have arrived but was delayed by the motocar.,Kubaire,2026-03-11 17:34:31.809222+00
3000,2409,9,Both,Nintekwa,Nintekwa,Nintekwa kugenda murukurato.,Nintekwa kugenda murukurato.,I should go to the meeting.,Nikiragirwa,2026-03-11 17:36:48.732985+00
3006,1955,9,Both,Nikisemerra,Nikisemerra,Nikisemerra osabe ekiganyiro.,Nikisemerra osabe ekiganyiro.,You must apologies.,Kisemerire,2026-03-11 17:39:10.935578+00
3015,1911,9,Both,obundi,obundi,Obundi enjura eragwa kiro kinu.,Obundi enjura eragwa kiro kinu.,It might rain today.,rundi,2026-03-12 04:49:34.195751+00
3016,4822,9,Both,ningenda,ningenda,Ningenda kwija nkererirwe.,Ningenda kwija nkererirwe.,I gonna come late.,ninyija,2026-03-12 04:50:59.629826+00
3017,1409,9,Both,ebirukumara,ebirukumara,Twine ebyokulya ebirukumara abagenyi.,Twine ebyokulya ebirukumara abagenyi.,We have enough food for the guests.,nibimara,2026-03-12 04:52:56.658309+00
3018,1936,9,Both,bingi,bingi,Akatuletera ebintu bingi muno.,Akatuletera ebintu bingi muno.,He brought us many more items.,ebingi,2026-03-12 04:54:26.270955+00
3019,1809,9,Both,bitaito,bitaito,Atuletirege ebintu bitaito.,Atuletirege ebintu bitaito.,He has brought less items.,butaito,2026-03-12 04:56:43.410346+00
3020,2764,9,Both,muno,muno,Amaizi nigafuka muno kiro kinu.,Amaizi nigafuka muno kiro kinu.,The water is very cold today.,muno kwo,2026-03-12 04:58:16.096043+00
3021,2230,9,Both,mali,mali,Mali ebyokulya binuzire muno.,Mali ebyokulya binuzire muno.,The food is really delicious.,mali kwo,2026-03-12 04:59:56.43202+00
3022,2162,9,Both,hakiri,hakiri,Hakiri ekisika kyange nikyera.,Hakiri ekisika kyange nikyera.,My room is pretty clean.,hakirinu,2026-03-12 05:02:52.77335+00
3023,3870,13,Both,ensiima y'abazaani,ensiima y'abazaani,Abasungi kakemerra kuteera mungaro abazaani obubaizire kusiimwa aheeru y'orutimbi.,Abasungi kakemerra kuteera mungaro abazaani obubaizire kusiimwa aheeru y'orutimbi.,The audience stood up to cheer during the curtain call.,omulingo gw'okusiima.,2026-03-12 05:41:39.244484+00
3024,3876,13,Both,enju yorutimbi nyamugundu,enju yorutimbi nyamugundu,Tukagenda kurora ebisisani ebyekigendererwa twagirorra munju y'orutimbi nyamugundu.,Tukagenda kurora ebisisani ebyekigendererwa twagirorra munju y'orutimbi nyamugundu.,We went to the movie theatre to watch a new film.,enju enkooto,2026-03-12 05:57:34.022495+00
3025,3872,13,Both,ebisisani byekigendererwa,ebisisani byekigendererwa,Omubisisani ebyekigendererwa bakazaana abantu bayega.,Omubisisani ebyekigendererwa bakazaana abantu bayega.,The actors performed well in the film which was very educative.,bicookere,2026-03-12 06:00:59.789977+00
3026,3873,13,Both,ebisisani nyakasekesa na nyakahuririza,ebisisani nyakasekesa na nyakahuririza,"Omuzaano ""kaso"" tigurukwegesa ugwo nigusekesa kwonka.","Omuzaano ""kaso"" tigurukwegesa ugwo nigusekesa kwonka.",The God father is a film not just a fun movie.,rusekesa,2026-03-12 06:04:51.711979+00
3027,3874,13,Both,ebisusani rurubata,ebisusani rurubata,"Ebisisani rurubata ebyaira bikaba bitaina iraka, bikaba nibiragura nibyera.","Ebisisani rurubata ebyaira bikaba bitaina iraka, bikaba nibiragura nibyera.",Early motion pictures were silent and black and white.,ebirukugenda(moving pictures),2026-03-12 06:08:42.897751+00
3028,3875,13,Both,enju yokurorraamu ebisisani,enju yokurorraamu ebisisani,Tukagenda mu cineema twarora omuzaano murungi rurangaanwa.,Tukagenda mu cineema twarora omuzaano murungi rurangaanwa.,We went to the cinema to watch a nice popular movie.,cineema,2026-03-12 06:12:00.254702+00
3029,3877,13,Both,ekisiika nyantimbi,ekisiika nyantimbi,Enju y'ebisisani empyaka ekaba neyoleka ha ntimbi itaano.,Enju y'ebisisani empyaka ekaba neyoleka ha ntimbi itaano.,The new multiplex down town shows five movies at once.,kyentimbi nyingi,2026-03-12 06:15:37.688888+00
3030,4047,13,Both,orutimbi rwebisisani,orutimbi rwebisisani,Ebisisani bikarugamu kurungi ha rutimbi orukooto.,Ebisisani bikarugamu kurungi ha rutimbi orukooto.,The movie looked amazing on the big screen.,,2026-03-12 06:18:07.616147+00
3031,3879,13,Both,ekyoma nyamwoleka,ekyoma nyamwoleka,Akeguurra ekyoma nyamwoleka nukwo arolege ekisisani muka.,Akeguurra ekyoma nyamwoleka nukwo arolege ekisisani muka.,He set up a projector to watch a movie at home.,,2026-03-12 06:22:27.581569+00
3032,3880,13,Both,nyamwoleka bisisani ha rutimbi,nyamwoleka bisisani ha rutimbi,Enju yesineema enkuru nahati ekyaina ekyoma nyamwoleka.,Enju yesineema enkuru nahati ekyaina ekyoma nyamwoleka.,The old cinema still has a working film projector.,,2026-03-12 06:24:39.138849+00
3033,3882,13,Both,birooto bikamukire,birooto bikamukire,bwooroora ebisisani ebirooto ebikamure osisana oti nawe oti omu habazaani,bwooroora ebisisani ebirooto ebikamure osisana oti nawe oti omu habazaani,imax movies make you feel like you are part of the action,,2026-03-12 06:25:08.197766+00
3035,3881,13,Both,ekyoma nyamwoleka n'embeho,ekyoma nyamwoleka n'embeho,Bakakuza ebyooma byaabu hati nibakozesa embeho.,Bakakuza ebyooma byaabu hati nibakozesa embeho.,The multiplex upgraded all its screens with digital cameras.,,2026-03-12 06:27:07.959937+00
3036,3883,13,Both,eribumbirwe nyaisatu,eribumbirwe nyaisatu,omwehangahangi akakora erubumbirwe ryaisatu yakitwaara murwoleko,omwehangahangi akakora erubumbirwe ryaisatu yakitwaara murwoleko,"the artist designed 3D sculputure for the exibition ",,2026-03-12 06:28:39.931072+00
3038,3884,13,Both,garubindi nyaisatu,garubindi nyaisatu,obworukuba atajwaire garubindi nyaisatu ekisisani kuzooka nkekisihukire,obworukuba atajwaire garubindi nyaisatu ekisisani kuzooka nkekisihukire,without 3D glasses the movie looks burry,,2026-03-12 06:31:21.413789+00
3040,3886,13,Both,yebiokorwa rubanbwa,yebiokorwa rubanbwa,mugenzi wange agonza ebisisani byaharutimbi ebyebikorwa rubambura,mugenzi wange agonza ebisisani byaharutimbi ebyebikorwa rubambura,my brother likes action films because they are exciting,rumara ebyamaaru,2026-03-12 06:36:14.974022+00
3043,3907,13,Both,ebisisani runanura,ebisisani runanura,Ebisisani runanura bitwoleka kyonyini.,Ebisisani runanura bitwoleka kyonyini.,Documentaries show real events.,byamazima,2026-03-12 06:38:35.589989+00
3044,3887,13,Both,ruvumbura,ruvumbura,ebisisani ruvumbura abasungi amarungu n'ensozi,ebisisani ruvumbura abasungi amarungu n'ensozi,"the adventure film took the audience through jangle,s mountains and deserts",ruseerra bitwaaka /discover,2026-03-12 06:39:32.094102+00
3046,4077,13,Both,omucencuzi w'omuzaano gw'harutimbi,omucencuzi w'omuzaano gw'harutimbi,omucencuzi womuzaano gwaharutimbi agoorra ensobi8 zoona eziri mu kihandiiko,omucencuzi womuzaano gwaharutimbi agoorra ensobi8 zoona eziri mu kihandiiko,the editor corrected mistakes in the article,,2026-03-12 06:43:15.25897+00
3048,3921,13,Both,omucencuzi womuzaano gwaharutimbi,omucencuzi womuzaano gwaharutimbi,omucencuzi womuzaano gwaharutimbi akoongeramu ebizina ma maraka,omucencuzi womuzaano gwaharutimbi akoongeramu ebizina ma maraka,the film editor added music and sound effects in the film,,2026-03-12 06:45:53.710256+00
3050,3924,13,Both,"rukoma bazaani  ","rukoma bazaani  ",rukoma bazaani akakonyera omutekaniza webisisani byorutimbi kuseerra kizaani,rukoma bazaani akakonyera omutekaniza webisisani byorutimbi kuseerra kizaani,the casting director helped to direct to the best actorfor the main role,,2026-03-12 06:50:38.921549+00
3052,3927,13,Both,"omuzaani rurangwa ","omuzaani rurangwa ",omuzaani ruramgwa amanywa abantu baingi,omuzaani ruramgwa amanywa abantu baingi,a movie actor is famous and recognised by many people,muzaano,2026-03-12 06:57:03.566491+00
3053,3928,13,Both,muzaani rurangwa,muzaani rurangwa,omuzaani ruragwa azaana ebicweeka bya maaru mu mizaano yaharuti mbi,omuzaani ruragwa azaana ebicweeka bya maaru mu mizaano yaharuti mbi,a film star plays the most important parts of the film,amanyirwe,2026-03-12 07:01:55.893879+00
3054,3929,13,Both,kizaani,kizaani,kizaani muzaani mukuru aqnyakuzooka mubicweeka ebingi ebyomuzaano,kizaani muzaani mukuru aqnyakuzooka mubicweeka ebingi ebyomuzaano," the lead actor is the main character who appears in all scenes",rwebemirera,2026-03-12 07:04:26.190969+00
3056,3931,13,Both,ruzaanira mubaingi,ruzaanira mubaingi,ruzanira mubaingi abamubicweeka byomuzaano kyonkatagira byokubaza,ruzanira mubaingi abamubicweeka byomuzaano kyonkatagira byokubaza,an extra plays in a crowd and has nothing to say,,2026-03-12 07:07:10.332577+00
3058,3938,13,Both,enteekaniza otakandikire,enteekaniza otakandikire,entekaniza y'omuzaano otakagwolekere ekoonyera omuteezi w'ebisisa ni byorutimbi,entekaniza y'omuzaano otakagwolekere ekoonyera omuteezi w'ebisisa ni byorutimbi,good pre production makes timing easier,,2026-03-12 07:11:09.357929+00
3060,3939,13,Both,kukwaata ebisisani nokukwata amaraka,kukwaata ebisisani nokukwata amaraka,omubwire byokuteera ebisitani no'kuwaata amaraka abakozi boona bakorra hamu,omubwire byokuteera ebisitani no'kuwaata amaraka abakozi boona bakorra hamu,during the production the actors and crew work hard in hand,,2026-03-12 07:14:45.976495+00
3063,3940,13,Both,kwecencwa n'okusemeza,kwecencwa n'okusemeza,ebintu ebirukurorwa byongerwamu muzaano obubabamara kweceneura nokwsemeza,ebintu ebirukurorwa byongerwamu muzaano obubabamara kweceneura nokwsemeza,visual effects are added during post production,kutera ebisisaru,2026-03-12 07:17:52.156402+00
3066,3941,13,Both,kukwaata ebisisaru n'amaraka,kukwaata ebisisaru n'amaraka,abakozi boona bakatandika kuteera ebisisaru by'orutimbi,abakozi boona bakatandika kuteera ebisisaru by'orutimbi,the crew started the shoot early in the morning,kuteera\ ebisisaru,2026-03-12 07:21:37.991259+00
3067,3942,13,Both,kukwaata ebisisaru n'amaraka,kukwaata ebisisaru n'amaraka,omuteraniza w'e bisisani byorutimbi akeecumutiriza muno obuyabaire nakwaata ebicweka byomuzaano,omuteraniza w'e bisisani byorutimbi akeecumutiriza muno obuyabaire nakwaata ebicweka byomuzaano,the director watched carefully while filming the action scene,,2026-03-12 07:26:26.671329+00
3070,3943,13,Both,ekiikaro orukuteerraamu ebisisani,ekiikaro orukuteerraamu ebisisani,abakozi boona bakatwaara ebirukweetagisa byoona mukiikaro kyorukwatiramu ebisisaru,abakozi boona bakatwaara ebirukweetagisa byoona mukiikaro kyorukwatiramu ebisisaru,the  crew transported all equipment to the filming location,,2026-03-12 07:30:31.42278+00
3071,3945,13,Runyoro,nyantarabwaamu iraka,nyantarabwaamu iraka,kurwatira ebisisaru mwkisiika nyantarabwamu iraka kikoonyera,kurwatira ebisisaru mwkisiika nyantarabwamu iraka kikoonyera,filmimg on a sond stage allows the learn to avoid bad weather,,2026-03-12 07:34:30.535534+00
3075,3947,13,Both,imaratwoona habwebisisani byaharutimbi,imaratwoona habwebisisani byaharutimbi,akatunga omulimo mu imaratwoona habwebisaru byorutimbi,akatunga omulimo mu imaratwoona habwebisaru byorutimbi,he got a job at a film studio as a costume master,,2026-03-12 07:37:32.32408+00
3078,3948,13,Both,ikoorro iyebisisasi byaharutimbi amenka,ikoorro iyebisisasi byaharutimbi amenka,abaazani baingi bararo holiwuudu,abaazani baingi bararo holiwuudu,mary famous actors live in holywood,,2026-03-12 07:40:29.230661+00
3079,3950,13,Both,ikoorro lyebisisaru byaharutimbi naijenya,ikoorro lyebisisaru byaharutimbi naijenya,abazaani abaingi mu naijanya baraara nolewudu,abazaani abaingi mu naijanya baraara nolewudu,many actors work in nollywood,,2026-03-12 07:44:39.358732+00
3080,3951,13,Both,ikoorro lyebisisani byaharutibi,ikoorro lyebisisani byaharutibi,abazaani bemuzaano ya haruti mbi,abazaani bemuzaano ya haruti mbi,abazaani bemuzaano ya harutimbi abato bagonza kwkoorro muikoorro lyebisani bya harutuuti ugawuudu,many young actors want to work in ugawood one day,2026-03-12 07:50:33.55426+00
3081,3952,13,Both,ikoorro lyebisisani bya harutimbi mukenya,ikoorro lyebisisani bya harutimbi mukenya,ebisisani byikoorro iya rivauudu biingi muno mukenya,ebisisani byikoorro iya rivauudu biingi muno mukenya,riverwood fims are popular in keya,,2026-03-12 07:52:47.602657+00
3083,3953,13,Both,ekicweeka kyomuzaano gwaharutimbi,ekicweeka kyomuzaano gwaharutimbi,ekicweeka kyomuzaano gwaharutuuti ekyokumaliira gubaire nigusekesa,ekicweeka kyomuzaano gwaharutuuti ekyokumaliira gubaire nigusekesa,the last scene of the fim was comic,,2026-03-12 07:55:28.848205+00
3085,3954,13,Both,kukwata ekisisani okusorongere,kukwata ekisisani okusorongere,bakarwata ebisisaru bingi ebyaharutimbi bisorongere bataragiire hastage,bakarwata ebisisaru bingi ebyaharutimbi bisorongere bataragiire hastage,they filmed  several shots of the scene before going to stage,,2026-03-12 08:00:08.658726+00
3087,3955,13,Both,kukwaata ekicweeka kyomuzaano,kukwaata ekicweeka kyomuzaano,obubamazire kurwata ebicweka ebisorongere bayongeraho ebicweeka bitaano batakamazire,obubamazire kurwata ebicweka ebisorongere bayongeraho ebicweeka bitaano batakamazire,they filmed five takes before finishing the shot,,2026-03-12 08:04:54.952772+00
3088,3956,13,Both,lekeraaho kukwata,lekeraaho kukwata,omuhabuzi wabaani a kocooomera ati lekeraaho kukwata omuzaani obuyasobese ebigambo,omuhabuzi wabaani a kocooomera ati lekeraaho kukwata omuzaani obuyasobese ebigambo,the director yelled cut after noticing  the actor speaking wrong lines,,2026-03-12 08:11:22.681961+00
3090,3600,13,Both,Ebisisani Runanura,Ebisisani Runanura,Ebisisani Runanura bitwoleka kyonyini.,Ebisisani Runanura bitwoleka kyonyini.,Documentaries show real events.,Byamazima (Truth),2026-03-12 08:14:18.256565+00
3091,3957,13,Both,"kusihuuka ha rwitimbii ","kusihuuka ha rwitimbii ",habwokusihuuka kwebisisaru harutimbi abasungi bakasigara mumyaarya,habwokusihuuka kwebisisaru harutimbi abasungi bakasigara mumyaarya,they finalshot fades to black leaving the audience insuspense,,2026-03-12 08:15:26.373195+00
3092,3958,13,Both,kutahiramu ngana kwebisisani,kutahiramu ngana kwebisisani,ebisisa bya nyamusana bikatahuramumgaana mpora mpora byayoleka ekiro,ebisisa bya nyamusana bikatahuramumgaana mpora mpora byayoleka ekiro,the shot slowly dissolves from day to right,,2026-03-12 08:19:25.858969+00
3094,3908,13,Both,Ebisisani Nyabusorosoro,Ebisisani Nyabusorosoro,Ebisisani Nyabusorosoro bwoleka abaana n'abakuru obuganikyo.,Ebisisani Nyabusorosoro bwoleka abaana n'abakuru obuganikyo.,"Animated films tell stories for kids and Adults .    ",,2026-03-12 08:22:37.63393+00
3098,3959,13,Both,kuteera haihi,kuteera haihi,omuhabuzi akaragira kuteerra haitu  ekisisaru kyahamaiso gomuzaani nurwo akwaate amazigage,omuhabuzi akaragira kuteerra haitu  ekisisaru kyahamaiso gomuzaani nurwo akwaate amazigage,the director called for a close up of the actor face to capture her tears,,2026-03-12 08:26:09.105119+00
3099,3909,13,Both,Ebisisani Nyakarubata,Ebisisani Nyakarubata,"Ebisisani Nyakarubata, tibiikara mukiikaro kimu.","Ebisisani Nyakarubata, tibiikara mukiikaro kimu.",Animation make picture move.,,2026-03-12 08:26:45.359302+00
3100,3961,13,Both,kuteerra hagati,kuteerra hagati,"omuhabuzi akoolera omurwaani omusinauzi obwakabaka naraba muirungu lyomusenyi ","omuhabuzi akoolera omurwaani omusinauzi obwakabaka naraba muirungu lyomusenyi ",the director set kubwa up a medium to shot to capture both actors during their conversation,,2026-03-12 08:31:13.763829+00
3101,3910,13,Both,Ekisisani Nyabusorosoro ekigufu.,Ekisisani Nyabusorosoro ekigufu.,"Abaana bagonza ebisisani Nyabusorosoro ebigufu, habwerangi zaabyo ezirukwaaka.","Abaana bagonza ebisisani Nyabusorosoro ebigufu, habwerangi zaabyo ezirukwaaka.",Children love cartoons because of their bright colors.,Kyebisoro ( with animals),2026-03-12 08:34:05.632228+00
3102,3962,13,Both,kuteerra hagazi,kuteerra hagazi,cosemerure kuteerra hagazi nurwo arwaate entekaniza yona eyaharutti,cosemerure kuteerra hagazi nurwo arwaate entekaniza yona eyaharutti,it used a wide shot to capture the wide  ste on stage,,2026-03-12 08:37:05.203754+00
3104,3911,13,Both,"Amagezi gatekinolojo ","Amagezi gatekinolojo ",Amagezi ga tekinoloje nibakozesa ebintu byokwesisaniriza.,Amagezi ga tekinoloje nibakozesa ebintu byokwesisaniriza.,"CGI can create characters that are not real .   ",,2026-03-12 08:41:55.896053+00
3106,3963,13,Both,"kuteera babiri hamurundi ","kuteera babiri hamurundi ",mukucweka ekyengonzi naija kuteera babiri rrwrundigumu nukwo agumye obumu bwamubwababiri,mukucweka ekyengonzi naija kuteera babiri rrwrundigumu nukwo agumye obumu bwamubwababiri,the romantic scene was filmed  two shot emphasize the closeness of the couple,,2026-03-12 08:44:28.111426+00
3108,3964,13,Both,teera enyuma nomumaiso gababiri,teera enyuma nomumaiso gababiri,kuteera enyumano mumaiso gababiri kikoonyera kurora bombi abaruikubazahamu,kuteera enyumano mumaiso gababiri kikoonyera kurora bombi abaruikubazahamu,"the over the shoulder shot enabled us to see both character  in argument ",,2026-03-12 08:48:22.572019+00
3109,3912,13,Both,Enyoleka y'ebitasoboka,Enyoleka y'ebitasoboka,Akakozesa Enyoleka y'ebitasoboka kwoleka   omuyaga nokuhulika kw'omurro.,Akakozesa Enyoleka y'ebitasoboka kwoleka   omuyaga nokuhulika kw'omurro.,He used special effects to show explosions and fire in action film.,,2026-03-12 08:51:33.871891+00
3110,3967,13,Both,enteera yokururatiriza,enteera yokururatiriza,oramuhabuzi wabazaani akakozesa enteera yokururatiriza omuzaaru owakaba narubata,oramuhabuzi wabazaani akakozesa enteera yokururatiriza omuzaaru owakaba narubata,the director used a trucking shot to follow theactor waiking,,2026-03-12 08:53:52.789772+00
3111,3968,13,Both,teera bukiika,teera bukiika,akateera buruka naruga habulyo nagya na moso kwoleka orubuga rwoona,akateera buruka naruga habulyo nagya na moso kwoleka orubuga rwoona,"the camera pans from left to right to show the city ",,2026-03-12 08:59:01.270618+00
3113,3913,13,Both,Enyoleka y'ebyakabi,Enyoleka y'ebyakabi,"Tekinoloje munyoleka y'ebyakabi, ney'oleka abantu abaruku harruuka.","Tekinoloje munyoleka y'ebyakabi, ney'oleka abantu abaruku harruuka.",VFX can create flying character.,,2026-03-12 08:59:20.651605+00
3115,3969,13,Both,teera kanyarubaju,teera kanyarubaju,"akateera karyavubaju rukwo ayoleke  ekisurumba ","akateera karyavubaju rukwo ayoleke  ekisurumba ",the camra tilts slowly toreavel the childs face,,2026-03-12 09:02:46.51266+00
3116,3970,13,Both,kuleeta haihiekisisani,kuleeta haihiekisisani,kamera erateetahaihi ekisisani kwoleka omwana hamalsa,kamera erateetahaihi ekisisani kwoleka omwana hamalsa,the camera zooms in to show the childs face,,2026-03-12 09:06:34.948947+00
3119,3971,13,Both,"kamera ruhondereza ","kamera ruhondereza ",akakozesa omulingo gwa kamera nurwa a kurature omuzaani,akakozesa omulingo gwa kamera nurwa a kurature omuzaani,the camera man mounted a dolly to follow the actor,,2026-03-12 09:08:57.318717+00
3121,3915,13,Both,Omuhabuzi w'abazaani,Omuhabuzi w'abazaani,"Omwecencuzi w'ebisisani by'orutimbi ayoleka abazaani nkoku barazaana. ","Omwecencuzi w'ebisisani by'orutimbi ayoleka abazaani nkoku barazaana. ",The film director tells the actors what to do.,Kwoleka (to show),2026-03-12 09:11:23.331989+00
3122,3972,13,Both,kuteera ebyahaiguru,kuteera ebyahaiguru,akakozesa omulingo gwokuteerra haguru nukwo atungeekigisaru kyorubuga rwoona,akakozesa omulingo gwokuteerra haguru nukwo atungeekigisaru kyorubuga rwoona,the director  used a crane short to city show the whole city,,2026-03-12 09:12:28.635995+00
3125,3973,13,Both,kuteerra mumwaanya,kuteerra mumwaanya,ubugeruyibwe bukatandika  nekisisaru kyomurrwaarya ekirungi kwoleka erukaro kyobugenyi,ubugeruyibwe bukatandika  nekisisaru kyomurrwaarya ekirungi kwoleka erukaro kyobugenyi,the wedding video startsb with a beautiful aerial shot,,2026-03-12 09:17:55.869925+00
3126,3975,13,Both,mporaho kukira kara,mporaho kukira kara,mporaho kukira kara eyoleka ebirorwo nkorubita bulikiro,mporaho kukira kara eyoleka ebirorwo nkorubita bulikiro,slow motion show actions slower than  the real life,,2026-03-12 09:20:21.017841+00
3127,3976,13,Both,bwango ho kukira kara,bwango ho kukira kara,ayoleka bwangoho kuri nkorubiba bulikiro,ayoleka bwangoho kuri nkorubiba bulikiro,fest motion makes things move faster than normal,,2026-03-12 09:22:18.990708+00
3128,4075,13,Both,"Omuhandiiki w'emizaano ya harutimbi ","Omuhandiiki w'emizaano ya harutimbi ",Omuhandiiki w'emizaano y'orutimbi akoorra hamu nomutekaniza w'ebisisani by'orutimbi.,Omuhandiiki w'emizaano y'orutimbi akoorra hamu nomutekaniza w'ebisisani by'orutimbi.,He is the screenwriter and works with the director.,,2026-03-12 09:23:08.923055+00
3129,3977,13,Both,rugutiihazabwiire,rugutiihazabwiire,amagezi rugutihaza bwiire kalwoleka obwire oburaihire,amagezi rugutihaza bwiire kalwoleka obwire oburaihire,time lapse shows slow things happening first,,2026-03-12 09:24:39.171754+00
3131,3978,13,Both,kwolekabebyahinguire,kwolekabebyahinguire,akooleka ebyahingwire kusoboorra butandwa eyabaireho,akooleka ebyahingwire kusoboorra butandwa eyabaireho,the story uses a flash back to explain the accident,,2026-03-12 09:27:10.105962+00
3133,3979,13,Both,kulengera mumaiso,kulengera mumaiso,kulemgera mumaiso kyoolera ekiuraabaho hakumaliirro,kulemgera mumaiso kyoolera ekiuraabaho hakumaliirro,a flash forward shows what will happen at the end at the story,,2026-03-12 09:29:59.748302+00
3135,3918,13,Both,Mucencuzi W'ebisisani Rugenda,Mucencuzi W'ebisisani Rugenda,"Omucencuzi W'ebisisani Rugenda n'omutekaniza womuzaano gw'orutimba, bakateekaniza hamu ebyamataara.","Omucencuzi W'ebisisani Rugenda n'omutekaniza womuzaano gw'orutimba, bakateekaniza hamu ebyamataara.",The cinematographer with the director planned every scenes light.,,2026-03-12 09:32:20.377147+00
3136,3980,13,Both,rwabwango nyabuguru,rwabwango nyabuguru,ebisisani rwazwango nyabuguta bilwooleka biingi  mubure bugutu,ebisisani rwazwango nyabuguta bilwooleka biingi  mubure bugutu,he used a montage to show many events in a short,,2026-03-12 09:32:42.706771+00
3138,3932,13,Both,owebicweeka byokwegendereza,owebicweeka byokwegendereza,"owebicweeka byokwegendereza asemerire kuzaana naye kenga ","owebicweeka byokwegendereza asemerire kuzaana naye kenga ",The stunt performer should ber a careful  play ready to act consiously,,2026-03-12 09:36:31.308433+00
3139,3934,13,Both,omukonyezi wabazaaru,omukonyezi wabazaaru,omukonyezi wa baazaani rweyazaire omuzaanik omukuru obuyarwaire,omukonyezi wa baazaani rweyazaire omuzaanik omukuru obuyarwaire,the voice actor performed when the main actor was ill,,2026-03-12 09:39:31.831032+00
3140,3919,13,Both,"Mucencuzi w'enzooka y'ebisisani Ruganda ","Mucencuzi w'enzooka y'ebisisani Ruganda ","Omucencuzi W'enzooka y'ebisisani Rugenda, nuwe acwaamu etaara haziragenda ","Omucencuzi W'enzooka y'ebisisani Rugenda, nuwe acwaamu etaara haziragenda ","The Director of photography, decides where lights should go.",,2026-03-12 09:40:59.466846+00
3142,3935,13,Both,abatekaniza bebisisani,abatekaniza bebisisani,omwebembezi akasiima abakozi boona habworukora n'amaaru,omwebembezi akasiima abakozi boona habworukora n'amaaru,the director thanked the crew for th e hard work,,2026-03-12 09:42:08.757292+00
3146,3936,13,Both,abakozi mumuzaano  gworutimbi,abakozi mumuzaano  gworutimbi,abakozi boona a bazaani nibababatarumu,abakozi boona a bazaani nibababatarumu,the film crew includes all people except the actor,,2026-03-12 09:44:58.141607+00
3149,3892,13,Both,Ebyengonzi Rusekesa,Ebyengonzi Rusekesa,Tukarora ebisisani by'engonzi rusekesa isoke lyaturuga ha mutwe,Tukarora ebisisani by'engonzi rusekesa isoke lyaturuga ha mutwe,We watched aromatic comedy and grew agoose body.,Byokujanga (Romantic),2026-03-12 10:04:24.747796+00
3150,10933,13,Both,"Ebisisani Rusekesa ","Ebisisani Rusekesa ",Omuzaano gw'engonzi mu bisisani Rusekesa.,Omuzaano gw'engonzi mu bisisani Rusekesa.,He watched aromatic comedy last night.,Ebyebigene (humour),2026-03-12 10:38:56.631809+00
3152,10934,13,Both,Ebisisani munyikara zitalizimu,Ebisisani munyikara zitalizimu,Enyikara y'ebisisani byaharutimbi ebibarozire bikabaliza amaizi.,Enyikara y'ebisisani byaharutimbi ebibarozire bikabaliza amaizi.,"The film's drama moved everyone in tears. ",,2026-03-12 10:49:15.790766+00
3153,10935,13,Both,Ebisisani byobujune,Ebisisani byobujune,Bakarora ebisisani byobujune nambere omukazi yaisire Omwaana we.,Bakarora ebisisani byobujune nambere omukazi yaisire Omwaana we.,The watched a tragedy where a mother killed his son.,Bwokusalirwa (painful),2026-03-12 10:54:38.624809+00
3155,10936,13,Both,Kujanga,Kujanga,"Bakatandika kujanga hanyuma, yokurora ebisisani by'engonzi.","Bakatandika kujanga hanyuma, yokurora ebisisani by'engonzi.",They feel in love in the Romance film.,Kutoorwa,2026-03-12 11:32:58.876408+00
3156,3902,13,Both,Ebisisani byemanzi kaswa,Ebisisani byemanzi kaswa,Emanzi kaswa zirwanisa abaleesi bobutabanguko.,Emanzi kaswa zirwanisa abaleesi bobutabanguko.,Super Heroes fight villains because they cause trouble.,Yooyini (pure),2026-03-12 11:52:54.313498+00
3158,3903,13,Both,Ebisisani Nyakimerika,Ebisisani Nyakimerika,Ebisisani Nyakimerika kitwoleka ebya ba komuboi nobwomeezi ebwebirro birimu America.,Ebisisani Nyakimerika kitwoleka ebya ba komuboi nobwomeezi ebwebirro birimu America.,A western film tells stories about cow boys life in the old American old west.,Bya Amerika ( from America),2026-03-12 12:08:10.087095+00
3159,3904,13,Both,Ebisisani byebyabaireho ira,Ebisisani byebyabaireho ira,Abaana abato bakaba nibagonza kurora ebisisani birukukwataho ebyaira.,Abaana abato bakaba nibagonza kurora ebisisani birukukwataho ebyaira.,Young children were interested to watch a film on Historical events.,Byebyafaayo (historical),2026-03-12 12:13:04.598348+00
3160,3905,13,Both,Ebisisani byomunyikara eyaira,Ebisisani byomunyikara eyaira,"Ebisisani by'omunyikara yaira bikaba birumu, Abakama n'abago, n'ebyabaireho ira.","Ebisisani by'omunyikara yaira bikaba birumu, Abakama n'abago, n'ebyabaireho ira.","The period drama involved Kings, Queens and historical events.",Byabakara (Of long ago),2026-03-12 12:36:23.288763+00
3161,3906,13,Both,Ebyobwomeezi,Ebyobwomeezi,Ebyobwomeezi bwomuntu nibyo yagambireho.,Ebyobwomeezi bwomuntu nibyo yagambireho.,A biopic tells a real person story.,Ebirukumukwataho (Biography),2026-03-12 12:40:30.968362+00
3163,3896,13,Both,Ebisisani by'obweemi,Ebisisani by'obweemi,Obwiisi kikorwa ekiru kukirayo ekyobweemi.,Obwiisi kikorwa ekiru kukirayo ekyobweemi.,Murder is the worst crime.,Ebyabugomi,2026-03-12 12:46:13.110148+00
3164,3897,13,Both,Ebyobwemi nabakuru baabyo,Ebyobwemi nabakuru baabyo,"Ebisisani by'obwemi, bitwoleka enkozi zebibi n'abakuru baabo.","Ebisisani by'obwemi, bitwoleka enkozi zebibi n'abakuru baabo.",Gangster films show the lives of criminal and mob bosses.,,2026-03-12 12:55:33.106644+00
3165,3900,13,Both,Sayansa na Tekinoloje,Sayansa na Tekinoloje,Sayansa na Tekinoloje munganikyo bitwoleka ebirukwija n'ebyabaireho.,Sayansa na Tekinoloje munganikyo bitwoleka ebirukwija n'ebyabaireho.,Science fiction takes the audience to the past and the future.,Ebyabakalimagezi,2026-03-12 13:03:46.197076+00
3168,9965,11,Both,obubiito,obubiito,Obubiito omunru azarwa nabwo tiburuga handi.,Obubiito omunru azarwa nabwo tiburuga handi.,Nobility is born not acquired.,ababiito,2026-03-12 13:59:20.055777+00
3169,9966,11,Both,abaguuda,abaguuda,Abaguuda tibafaayo abahansi befaaho bonka.,Abaguuda tibafaayo abahansi befaaho bonka.,Aristocracry does not care of commers but for themselves.,"abagaiga, abatungi",2026-03-12 14:03:42.459468+00
3170,9967,11,Both,abatesobora,abatesobora,Abatesobora baina ebintu kyonka tibirukubamara.,Abatesobora baina ebintu kyonka tibirukubamara.,Peasants have small income not enough for their needs.,abanaku,2026-03-12 14:17:03.169384+00
3171,9968,11,Both,abalimi,abalimi,Abalimi tibagira kantu baikara nibakolereza.,Abalimi tibagira kantu baikara nibakolereza.,"Serf have nothing to depend on, survive on working for others.",abairu,2026-03-12 14:21:58.077615+00
3172,9969,11,Both,omwiru,omwiru,Omwiru bamuguraga rundi bamunyaga.,Omwiru bamuguraga rundi bamunyaga.,Slave was bought or taken as a prisoner of war.,omuzaana,2026-03-12 14:26:02.268442+00
3173,9970,11,Both,obwiru,obwiru,Obwiru bukaba buroho ira birobinu bukahwaho.,Obwiru bukaba buroho ira birobinu bukahwaho.,"Slavery was there in the past, in modern times it has faded away.",omunyagwa,2026-03-12 14:34:19.450354+00
3174,10002,11,Both,Abarwanisa mbarasi,Abarwanisa mbarasi,Abarwanisa mbarasi barwanira hamigongo yembarasi.,Abarwanisa mbarasi barwanira hamigongo yembarasi.,Cavalry sit on the horse back and fight.,,2026-03-12 14:38:55.849785+00
3183,9971,11,Both,kacweka,kacweka,Akacweka omubantu akamu kasomere akandi banaku.,Akacweka omubantu akamu kasomere akandi banaku.,"Class is the division among people, others are learned poor and rich class.",bicweka mubantu.,2026-03-12 14:42:42.485167+00
3184,9972,11,Both,orulengo,orulengo,Orulengo rwobuzalirwaana oli mwiru rundi muhuma.,Orulengo rwobuzalirwaana oli mwiru rundi muhuma.,Caste is where one is born a noble or a commoner.,idaara,2026-03-12 14:49:19.358188+00
3185,9973,11,Both,ikama,ikama,Ikama likaba lingi omunsi ya'France kyarugama abantu kwimukirra gavumenti bagijumika.,Ikama likaba lingi omunsi ya'France kyarugama abantu kwimukirra gavumenti bagijumika.,Feudalism was a lot in France and caused a revolution.,ikamakama,2026-03-12 14:56:15.209141+00
3186,9974,11,Both,mukama,mukama,Mukama wange omucwiwemisango.,Mukama wange omucwiwemisango.,My Lord the judge.,owekitiniisa,2026-03-12 14:57:45.287916+00
3187,9975,11,Both,mugole wange,mugole wange,Mugole wange Tereza nyenkya nagenda Chaina.,Mugole wange Tereza nyenkya nagenda Chaina.,Lady Tereza will go to Chaina tomorrow.,owekitiniisa,2026-03-12 15:01:29.166056+00
3188,9976,11,Both,omunaiti,omunaiti,Omunaiti aba muntu wekitiniisa omubantu.,Omunaiti aba muntu wekitiniisa omubantu.,The knight is a respected person.,waitu,2026-03-12 15:11:10.741327+00
3189,10003,11,Both,Ihe kafumba,Ihe kafumba,Ihe eriifumba niryo rirubata habigere.,Ihe eriifumba niryo rirubata habigere.,Infantry are those soldiers on the foot attacking the enemy.,Abahaitaka,2026-03-12 15:14:50.494866+00
3195,9977,11,Both,omurwani,omurwani,Omurwani owamagezi tarumba atakamazire kumanya amaani aganyali kuli kuli.,Omurwani owamagezi tarumba atakamazire kumanya amaani aganyali kuli kuli.,A wise warrior does not attack before he studied properly the strength of an enemy.,omuseikale,2026-03-12 15:18:10.923293+00
3196,9978,11,Both,omuserukale,omuserukale,Omuserukale nuwe aba murwani mumahe.,Omuserukale nuwe aba murwani mumahe.," A soldier is a member of the army.",murusuura,2026-03-12 15:19:58.434684+00
3197,10004,11,Both,Omurasi,Omurasi,Omurasi  wobuta ayegesibwa kuteeba omukiito.,Omurasi  wobuta ayegesibwa kuteeba omukiito.,The Archer is trained person to hit the target.,Kacumita kateebi,2026-03-12 15:26:40.855901+00
3202,9979,11,Both,amahe,amahe," Amahe ga Uganda gaina amaani maingi."," Amahe ga Uganda gaina amaani maingi.",The Ugandan army is very strong.,ihe,2026-03-12 15:36:57.816992+00
3203,10005,11,Both,Akisiika,Akisiika,Ekisiika kiri ekimu omumahe ekikonyera okutarumbwa.,Ekisiika kiri ekimu omumahe ekikonyera okutarumbwa.,Fortification in the Army scares the enemy not to attack easily.,Orugo,2026-03-12 15:37:22.653865+00
3208,9980,11,Both,amahe agahamaizi,amahe agahamaizi,Amahe agahamaizi mu Uganda gagesiibwe kurungi.,Amahe agahamaizi mu Uganda gagesiibwe kurungi.,The navy of Uganda is very professional.,agahamaizi,2026-03-12 15:43:05.027871+00
3209,9981,11,Both,okurwana,okurwana,Okurwana hagati ya Tanzania na Amin kukatiniisa muno.,Okurwana hagati ya Tanzania na Amin kukatiniisa muno.,The battle between Tanzania and Amin was very threatening.,kurwana.,2026-03-12 15:45:39.984166+00
3210,10007,11,Both,Kafumura,Kafumura,Kafumura munda enya kufumura Abagosire.,Kafumura munda enya kufumura Abagosire.," The Siege engine  is used to break through.",Kacwamiti,2026-03-12 15:46:46.311742+00
3213,9982,11,Both,obulemu,obulemu,Obulemukintu kibi muno.,Obulemukintu kibi muno.,War is very bad.,obwemu,2026-03-12 15:47:13.301965+00
3215,10006,11,Both,Okugota,Okugota,Okugota nubwo Amahe gehunguliriza Agandi.,Okugota nubwo Amahe gehunguliriza Agandi.,Siege is when the army surrounds another.,"Kubohwa, Kukinga.",2026-03-12 16:06:13.060637+00
3218,10008,11,Both,Butidda,Butidda,Butidda erasa ebinyonyi.,Butidda erasa ebinyonyi.,Catapult is used to hit birds.,Ekiraso,2026-03-12 16:08:38.288829+00
3222,10009,11,Both,Kacwanyigi,Kacwanyigi,Kacwanyigi kyoma kicwa enyigi.,Kacwanyigi kyoma kicwa enyigi.,Battering ram is called Kacwamiti,Tindo Magara.,2026-03-12 16:17:19.292677+00
3224,10010,11,Both,Obugango,Obugango,Obugango buba bwe mundu kandi buli ha kibiriti.,Obugango buba bwe mundu kandi buli ha kibiriti.,Gunpowder is called obuganga and it is also on match boxes.,Kwaka omurro,2026-03-12 16:22:36.298984+00
3227,9983,11,Both,enkungani,enkungani,Enkungani ziteekwa babiri kandi nubo ba zimaraho.,Enkungani ziteekwa babiri kandi nubo ba zimaraho.,"Conflict is between the two and its them to resolve it.     ",kalitango,2026-03-12 16:24:30.636179+00
3228,10011,11,Both,Rwasamabale,Rwasamabale,"Rwasamabale ekaba mundu ya Kabalega. ","Rwasamabale ekaba mundu ya Kabalega. ","Rwasamabale which is the Cannon was a gun for Kabalega. ",Mundu,2026-03-12 16:29:00.441914+00
3231,10012,11,Both,Masiketi,Masiketi,Masiketi mundu yaira muno,Masiketi mundu yaira muno,Musket gun was long time ago.,Bundu,2026-03-12 16:31:44.43099+00
3235,10013,11,Both,Emundu Yomuleera,Emundu Yomuleera,Emundu Yomuleera niyo yabandize kuleetwa Bunyoro Kitara.,Emundu Yomuleera niyo yabandize kuleetwa Bunyoro Kitara.,The Rifle gun was the first to appear in Bunyoro Kitara.,Embundu,2026-03-12 16:35:56.971198+00
3241,9984,11,Both," akalitango"," akalitango",Akalitango k'ebyendema kaleeta enkunguni nyingi.,Akalitango k'ebyendema kaleeta enkunguni nyingi.,Political campaign cause a lot of conflict.,kalitango,2026-03-12 16:59:40.981137+00
3242,9985,11,Both,okuseesera,okuseesera,Ihanga okuseera erindi nka Russia okuyasesiire Ukraine kisobere.,Ihanga okuseera erindi nka Russia okuyasesiire Ukraine kisobere.,"Another country to invade another one like what Russia did to Ukraine, its wrong.",kurumba,2026-03-12 17:03:04.171824+00
3243,10102,11,Both,Babiloni,Babiloni,Babiloni akasumi kamu ekasengura Isalari yagirema kumara emyaka ensanju.,Babiloni akasumi kamu ekasengura Isalari yagirema kumara emyaka ensanju.,"Babylon one time conquered Israel, took them took them to exile for 70 years.",Bukama,2026-03-12 17:11:46.167793+00
3247,10103,11,Both,Asura,Asura,Asura nabwo bukabaho obukama omu mesopotaniya.,Asura nabwo bukabaho obukama omu mesopotaniya.,Assyria was once a kingdom in Mesopotamia.,Bukama,2026-03-12 17:17:42.231161+00
3251,10104,11,Both,Peresi,Peresi,Omukama Kuro owa Peresi nuwe yalekiire Abaisaleri bagaruka Yerusalemu.,Omukama Kuro owa Peresi nuwe yalekiire Abaisaleri bagaruka Yerusalemu.,"Curo the King of Persia released Israelists from exile to Jerusalem. ",Pasa,2026-03-12 17:30:49.42846+00
3257,10105,11,Both,Kaseji,Kaseji,Kaseji Rukaba rubuga rukuru muno omu Bukama bwa Roma.,Kaseji Rukaba rubuga rukuru muno omu Bukama bwa Roma.,Carthage was an important city in Roman Empire.,Nobuga,2026-03-12 17:37:19.020535+00
3263,10106,11,Both,Fonisiya,Fonisiya,Fonisiya kuhweza kwa kara muno omunsi ya levent.,Fonisiya kuhweza kwa kara muno omunsi ya levent.,Phoenicia civilization of the old in Levant.,Kuhweza,2026-03-12 17:42:30.830988+00
3266,10107,11,Both,Obukama bwa Kusi,Obukama bwa Kusi,Obukama bwa Kusi bukaba omumasirimuka ga Misiri.,Obukama bwa Kusi bukaba omumasirimuka ga Misiri.,Kingdom of Kush was in the South of Egypt.,Kwiragura.,2026-03-12 17:56:46.641285+00
3274,10108,11,Both,akizumu,akizumu,akizumu bukama obwabandize kwansirra abalenzi bamamatwala,akizumu bukama obwabandize kwansirra abalenzi bamamatwala,axum first resisted coconialism in africa,bukama,2026-03-13 06:42:47.324791+00
3275,10109,11,Both,zimbambwe rurangarwa,zimbambwe rurangarwa,zimbabwe era rwali rubuga rwamaani,zimbabwe era rwali rubuga rwamaani,zimbambwe was a great city long ago,rubuga,2026-03-13 06:46:30.152408+00
3276,9986,11,Both,okuhamba,okuhamba,okuhamba kubaho obu hanga kirimani obulisingura erindi bakalunyaga,okuhamba kubaho obu hanga kirimani obulisingura erindi bakalunyaga,conquest happens when a strong nation wins the battle and puts it under control.,okunyaga,2026-03-13 06:50:04.606329+00
3277,9987,11,Both,okusingura,okusingura,okusingura kuleeta okusemererwa kwingi,okusingura kuleeta okusemererwa kwingi,victory brings happiness,obuwanguzi,2026-03-13 06:54:13.311757+00
3278,9988,11,Both,okusingurwa,okusingurwa,akusubgurwa obulemu kiileta kususukara,akusubgurwa obulemu kiileta kususukara,defeat brings alot of damage,basingwire nsingingurwe,2026-03-13 06:57:15.115187+00
3280,9989,11,Both,"okuhanika ","okuhanika ",okuhanika omubulemu kibakirungi thanfa tirisisikara,okuhanika omubulemu kibakirungi thanfa tirisisikara,"surrender saves the country getting heavy damage ",kwehayo,2026-03-13 07:01:18.17665+00
3281,9448,11,Both,"endagaano ","endagaano ",endagaana ug zanzibar na tanganyika bikaleeta okulekaana omu tanzania,endagaana ug zanzibar na tanganyika bikaleeta okulekaana omu tanzania,the treaty between zanzibar and tanganyika brought stability in tanzania,omulago,2026-03-13 07:07:11.668141+00
3283,9991,11,Both,obuziinge,obuziinge,obusinge tibwereeta kabuserra,obusinge tibwereeta kabuserra,peace does not come by it self his sought,obuwagale,2026-03-13 07:09:41.341488+00
3284,2801,11,Both,ekyokurwanisa,ekyokurwanisa,ekyokurwanisa ira ekibaye sigaganiyo buzitama,ekyokurwanisa ira ekibaye sigaganiyo buzitama,the weapon that was trusted in the past was the sword,ebyoruri wanisa,2026-03-13 07:15:49.302004+00
3285,9993,11,Both,busutama,busutama,buzitama ekaruwana amalemu maingi omubiro ebyaura,buzitama ekaruwana amalemu maingi omubiro ebyaura,sword was used in many battles in the past,empirima ekitaaka,2026-03-13 07:18:35.163191+00
3286,9994,11,Both,icumu,icumu,icumu kyokurwanisa ekitungwa buli nyineka  omunsiya bunyorona tooro,icumu kyokurwanisa ekitungwa buli nyineka  omunsiya bunyorona tooro,the spear is owned by every head of the family in bunyoro and tooro,ekyogi omuhunda,2026-03-13 07:23:32.885194+00
3287,9995,11,Both,"obuta ","obuta ",obutanikyo kyorwanisa ekyabandizi kurasira hara,obutanikyo kyorwanisa ekyabandizi kurasira hara,bows was the first to shoot far before the guncame inexistance,omutego,2026-03-13 07:28:02.395695+00
3288,9996,11,Both,akasogi,akasogi,akasogi kakorra lamu nobuta,akasogi kakorra lamu nobuta,the arrow is used together with the bow,akasaali,2026-03-13 07:30:32.738066+00
3289,9997,11,Both,enfabu,enfabu,enfabu ekingara omurwani amacumu gata mukwata,enfabu ekingara omurwani amacumu gata mukwata,the sheild protect the fighter not be speared,akerunze,2026-03-13 07:43:50.13088+00
3291,9998,11,Both,ekyesomeko,ekyesomeko,ekyesomeko kijwarwa omubiro gwona nukwokirinde omusiri kale ata hikwaho amacumu,ekyesomeko kijwarwa omubiro gwona nukwokirinde omusiri kale ata hikwaho amacumu,amori worn all the body to protection the soldier from coming spear,ekijwaro,2026-03-13 07:48:43.353319+00
3292,9999,11,Both,esapeeho,esapeeho,esapeeho ejwarwa hamutwe,esapeeho ejwarwa hamutwe,the helmet is worn on the head,enkufura,2026-03-13 07:50:55.620844+00
3293,10000,11,Both,ekigadi,ekigadi,ekigadi lra kyahimbaga ebyokurwanisa nebintu byobulemu,ekigadi lra kyahimbaga ebyokurwanisa nebintu byobulemu,chariot was used to carry weapons and other items to use in the battle,egali,2026-03-13 07:53:52.668916+00
3294,10001,11,Both,embarasi,embarasi,embarasi zakosibwaga abarwani kandinazo zakango itendekarwe,embarasi zakosibwaga abarwani kandinazo zakango itendekarwe,horse was used carry the fighter and itself  was trained,enkaina,2026-03-13 08:00:08.930655+00
3295,10937,12,Both,Kwonkya,Kwonkya,Omukazi nayonkya omwanawe,Omukazi nayonkya omwanawe,The woman is breastfeeding her baby.,,2026-03-13 14:26:32.887803+00
3296,10531,12,Both,Muto,Muto,Ntangaine omwana muto narubata wenka.,Ntangaine omwana muto narubata wenka.,I met an infact moving alone.,,2026-03-13 14:28:38.054788+00
3297,10532,12,Both,Omwana,Omwana,Abaana batiire omwana mugenzi wabo.,Abaana batiire omwana mugenzi wabo.,The children beat their fellow child.,,2026-03-13 14:31:16.598371+00
3298,10533,12,Both,omwana,omwana,Ogu omwana nayonka.,Ogu omwana nayonka.,The baby is breastfeeding.,,2026-03-13 14:34:20.556812+00
3299,10534,12,Both,Enkerembe,Enkerembe,Enkerembe ekazarwaa na kilo isatu.,Enkerembe ekazarwaa na kilo isatu.,The new born baby had three kilograms.,,2026-03-13 14:36:22.602533+00
3300,10485,12,Both,Kugarraho,Kugarraho,Akagwa omumaizi bagugarraho.,Akagwa omumaizi bagugarraho.,He fell in water and he was given CPR.,,2026-03-13 14:38:39.520745+00
3301,10486,12,Both,Ekikoba,Ekikoba,Akacweka okuguru bamutaho ekikoba.,Akacweka okuguru bamutaho ekikoba.,He fractured his leg and he was tied with a bandage.,,2026-03-13 14:39:55.544169+00
3302,10487,12,Both,Kusemba,Kusemba,Ninyenda kusemba ekihoya.,Ninyenda kusemba ekihoya.,I want to dress my wound.,,2026-03-13 14:41:07.762026+00
3303,10488,12,Both,Akasembo,Akasembo,Akahoya kabaire kataito twatekaho akasembo.,Akahoya kabaire kataito twatekaho akasembo.,The wound was small so we covered it with a plaster.,,2026-03-13 14:42:49.658361+00
3304,10489,12,Both,goozi,goozi,wekonyeze goozi kusemba ekihoya kyawe.,wekonyeze goozi kusemba ekihoya kyawe.,use the gauze to cover your wound.,,2026-03-13 14:43:54.209466+00
3305,10480,12,Both,Kuhagara,Kuhagara,Kuhagara kw'omubiri okwamaani nikusobora kuleta kufa.,Kuhagara kw'omubiri okwamaani nikusobora kuleta kufa.,severe Anaphylaxis can lead to death.,,2026-03-13 14:46:13.880499+00
3306,10481,12,Both,omubazi oguhinguraine,omubazi oguhinguraine,omubazi oguhinguraine nagwo nigwita.,omubazi oguhinguraine nagwo nigwita.,An overdose can kill.,,2026-03-13 14:47:21.088033+00
3307,10482,12,Both,obutwa,obutwa,Akanywa obutwa yafa.,Akanywa obutwa yafa.,He took poison and died.,,2026-03-13 14:48:12.490282+00
3308,10483,12,Both,Kufungurwa,Kufungurwa,Omuntu anywire obutwa aine kufungurwa.,Omuntu anywire obutwa aine kufungurwa.,Anyone who has taken poison has to be given an antidote.,,2026-03-13 14:49:32.799577+00
3309,10484,12,Both,Obujanjambi obukubandizibwaho,Obujanjambi obukubandizibwaho,omuntu obwatunga butandu atunga obujanjambi obukubandizibwaho.,omuntu obwatunga butandu atunga obujanjambi obukubandizibwaho.,An accident victim is always given first aid.,,2026-03-13 14:51:01.12492+00
3310,10386,12,Both,Orupimo,Orupimo,osemerire ohondere orupimo.,osemerire ohondere orupimo.,You are supposed to follow the dosage.,,2026-03-13 14:52:20.914918+00
3311,10476,12,Both,Kurugirwamu,Kurugirwamu,enkinzo obumu zigira kurugirwamu.,enkinzo obumu zigira kurugirwamu.,Injections at times have side effects.,,2026-03-13 14:53:30.617191+00
3312,10477,12,Both,Kugugumuka,Kugugumuka,Kugugumuka kwange kukaba kwokutinisa.,Kugugumuka kwange kukaba kwokutinisa.,My reaction was very scary.,,2026-03-13 14:54:39.62189+00
3313,10478,12,Both,Obuzibu,Obuzibu,Omwegesa aine obuzibu necucu.,Omwegesa aine obuzibu necucu.,The teacher has an allercy to do with dust.,,2026-03-13 14:56:32.895401+00
3314,10479,12,Both,Kutagonza,Kutagonza,Omubirigwe tigugonza amaizi agakufuka.,Omubirigwe tigugonza amaizi agakufuka.,Her body is alleric to cold water.,,2026-03-13 14:57:28.377623+00
3315,10470,12,Both,Kusemeza,Kusemeza,Omwojo bakamusemeza ekizimba.,Omwojo bakamusemeza ekizimba.,His suregery concerned a leg tumuor.,,2026-03-13 14:58:57.03732+00
3316,10471,12,Both,Okubaaga,Okubaaga,Omusaho akabanza yasaba atakandikire kubaaga.,Omusaho akabanza yasaba atakandikire kubaaga.,The surgeon prayed before starting the surgical procedure.,,2026-03-13 15:00:37.07676+00
3317,10472,12,Both,Enseruliza,Enseruliza,oburwairebwe nibwetaga enseruliza.,oburwairebwe nibwetaga enseruliza.,His medical condition requires a procedure.,,2026-03-13 15:02:23.259241+00
3318,10388,12,Both,kujanjaba,kujanjaba,Bamuhaire obujanjabi hairwarro.,Bamuhaire obujanjabi hairwarro.,He was given medication at the hospital.,,2026-03-13 15:03:32.871549+00
3319,10387,12,Both,Endagiroo,Endagiroo,Endagiroo negamba kamu emirundi esatu,Endagiroo negamba kamu emirundi esatu,the prescription is one times three.,,2026-03-13 15:04:32.53063+00
3320,10567,12,Both,akati k'omukono,akati k'omukono,omkaizi aine akati k'omukono.,omkaizi aine akati k'omukono.,The lady has an implant.,,2026-03-13 15:06:28.136191+00
3321,10394,12,Both,Enkinzo,Enkinzo,Nakozesa Enkinzo kubalirra ruzaho.,Nakozesa Enkinzo kubalirra ruzaho.,she uses injections for child spacing.,,2026-03-13 15:07:28.471101+00
3322,10569,12,Both,Akaheta,Akaheta,Akakomamu akaheta.,Akakomamu akaheta.,she chose to use an IUD.,,2026-03-13 15:08:34.826993+00
3323,10570,12,Both,Okusara enseke omubakazi,Okusara enseke omubakazi,Okusara enseke omubakazi nikitangira kimu kuzara.,Okusara enseke omubakazi nikitangira kimu kuzara.,Sterilization is a permanent birth control method.,,2026-03-13 15:10:21.261906+00
3324,10571,12,Both,okusara enseke omubasaija,okusara enseke omubasaija,okusara enseke omubasaija tikikukanya.,okusara enseke omubasaija tikikukanya.,vasectomy is rarely an option for men.,,2026-03-13 15:12:03.820035+00
3326,10505,12,Both,Amaizi amecumi,Amaizi amecumi,Amaizi amecumi marungi gokunywa.,Amaizi amecumi marungi gokunywa.,Clean water is good for drinking.,,2026-03-13 15:26:41.154259+00
3327,10506,12,Both,Obwecumi,Obwecumi,Obwecumi kintu kikuru muno.,Obwecumi kintu kikuru muno.,Good hygiene is really an essential.,,2026-03-13 15:27:48.134023+00
3328,10507,12,Runyoro,Obuyonjo,Obuyonjo,Obuyonjo obubi buleta endwaire.,Obuyonjo obubi buleta endwaire.,Poor sanitation causes diseases.,,2026-03-13 15:29:19.020595+00
3329,10508,12,Both,Kunaaba engaro,Kunaaba engaro,Kunaaba engaro otakalire kitamba colera.,Kunaaba engaro otakalire kitamba colera.,Handwashing before eating helps to prevent cholera.,,2026-03-13 15:30:43.367643+00
3330,10509,12,Both,Ekyolooni,Ekyolooni,omwana ayegere kukozesa ekyolooni.,omwana ayegere kukozesa ekyolooni.,The child has learnt hoe to use a latrine.,,2026-03-13 15:32:27.345731+00
3331,10945,12,Both,Obujanjabi obukuru,Obujanjabi obukuru,Obujanjabi obukuru nomubyaro buhikayo.,Obujanjabi obukuru nomubyaro buhikayo.,Primary Health Care is a bare minimum even in rural areas.,,2026-03-13 15:35:45.060311+00
3332,10946,12,Both,obujanjabi obutongoire,obujanjabi obutongoire,obujanjabi obutongoire bukira kusasulirwa.,obujanjabi obutongoire bukira kusasulirwa.,secondary care is often paid for.,,2026-03-13 15:38:52.359382+00
3333,10947,12,Both,Obujanjabi obwahaiguru,Obujanjabi obwahaiguru,Obujanjabi obwahaiguru bwa sente nyingi.,Obujanjabi obwahaiguru bwa sente nyingi.,Tertiary care is very expensive.,,2026-03-13 15:40:41.213487+00
3334,10948,12,Both,Obujanjabi obwa bwangobwango,Obujanjabi obwa bwangobwango,Akatunga obujanjabi obwa bwangobwango hanyuma yabutandu.,Akatunga obujanjabi obwa bwangobwango hanyuma yabutandu.,He got emergency care after the accident.,,2026-03-13 15:43:45.23219+00
3335,10949,12,Both,Obujanjabi bwahonaho,Obujanjabi bwahonaho,nayetaga obujanjabi bwahonaho.,nayetaga obujanjabi bwahonaho.,He needs urgent care.,,2026-03-13 15:45:50.001545+00
3336,10950,12,Both,Insuwa,Insuwa,Ekitongole kyabo nikibaha insuwa.,Ekitongole kyabo nikibaha insuwa.,Their company gives them insurance.,,2026-03-13 15:48:06.436725+00
3337,10951,12,Both,Ebisale bw'obujanjabi,Ebisale bw'obujanjabi,Ebisale bw'obujanjabi bibaire bingi.,Ebisale bw'obujanjabi bibaire bingi.,The medical expenses were very high.,,2026-03-13 15:51:19.426643+00
3338,10952,12,Both,obujanjabi obwa busa,obujanjabi obwa busa,obujanjabi obwa busa burungi.,obujanjabi obwa busa burungi.,Free healthcare is very helpful.,,2026-03-13 15:53:31.923787+00
3339,10953,12,Both,Obuheereza bwa boona.,Obuheereza bwa boona.,Amahanga gona gasemerire gagire Obuheereza bwa boona.,Amahanga gona gasemerire gagire Obuheereza bwa boona.,All countries should have universal health coverage.,,2026-03-13 15:55:58.41141+00
3340,10954,12,Both,Akagaali,Akagaali,Omulema bakamuha akagaali.,Omulema bakamuha akagaali.,The lame man was given a wheelchair.,,2026-03-13 15:58:04.539699+00
3341,10955,12,Both,"Omwigo ","Omwigo ",omwigo tigwanguhire kugukozesa.,omwigo tigwanguhire kugukozesa.,It is not easy to use a crutch.,,2026-03-13 16:00:21.884227+00
3342,10956,12,Both,Ekisanirizo,Ekisanirizo,Akagura ekisanirizo ky'okuguru.,Akagura ekisanirizo ky'okuguru.,He bought a prosthetic leg.,,2026-03-13 16:02:27.851373+00
3343,10957,12,Both,Kugarraho,Kugarraho,Baka mugarraho,Baka mugarraho,He was taken in for rehabilitation.,,2026-03-13 16:04:35.660087+00
3344,10958,12,Both,Kugonyorra,Kugonyorra,Omugurusi nayetaaga Kugonyorra.,Omugurusi nayetaaga Kugonyorra.,The old man needs physiotherapy.,,2026-03-13 16:06:33.380249+00
3345,10959,12,Both,Obujanjabi bw'omutwe,Obujanjabi bw'omutwe,Omwojo nayetaaga obujanjabi bw'omutwe.,Omwojo nayetaaga obujanjabi bw'omutwe.,The boy needs therapy.,,2026-03-13 16:08:56.153152+00
3346,10960,12,Both,Kuhumuriza ebitekerezo,Kuhumuriza ebitekerezo,Akenuba muno hati nayetaaga Kuhumuriza ebitekerezo.,Akenuba muno hati nayetaaga Kuhumuriza ebitekerezo.,He got so depressed now he needs psychotherapy.,,2026-03-13 16:11:39.230232+00
3347,10961,12,Both,Abakufaho,Abakufaho,Nayetaaga abakufaho hanyima y'okuzika kw'amamawe.,Nayetaaga abakufaho hanyima y'okuzika kw'amamawe.,He needs a support group after his mother's burial.,,2026-03-13 16:14:09.942977+00
3348,10931,12,Both,Kuba kurungi,Kuba kurungi,Buli omu Kuba kurungi ky'omugaso muno.,Buli omu Kuba kurungi ky'omugaso muno.,Ones wellbeing is very important.,,2026-03-13 16:16:14.555695+00
3349,10932,12,Both,Kuba mwomezi,Kuba mwomezi,Kuba mwomezi kigenda n'okuba kurungi.,Kuba mwomezi kigenda n'okuba kurungi.,wellness affects wellbeing.,,2026-03-13 16:18:51.395712+00
3350,10963,12,Both,Obulema,Obulema,Omwana aine obulema,Omwana aine obulema,The child has a disability.,,2026-03-13 16:20:51.28762+00
3351,10495,12,Both,Bombo,Bombo,Leta bombo,Leta bombo,Bring the syringe,,2026-03-13 16:22:36.83474+00
3352,10496,12,Both,Enkinzo,Enkinzo,Enkinzo nesasa muno.,Enkinzo nesasa muno.,The needle hurts alot.,,2026-03-13 16:23:32.333079+00
3353,10497,12,Both,Akahyo komusemeziisa,Akahyo komusemeziisa,Dakitali akwasire Akahyo komusemeziisa.,Dakitali akwasire Akahyo komusemeziisa.,The doctor is holding a scalpel.,,2026-03-13 16:24:53.103612+00
3354,10498,12,Both,Obwooma oburukiisa,Obwooma oburukiisa,Akozesese Obwooma oburukiisa.,Akozesese Obwooma oburukiisa.,He used forceps.,,2026-03-13 16:26:17.213428+00
3355,10965,12,Both,Omwenubo,Omwenubo,Omwisiki aine omwenubo mwingi.,Omwisiki aine omwenubo mwingi.,The girl has a lot of stress.,,2026-03-13 16:30:34.788595+00
3356,10966,12,Both,Obusaasi obuhinguraine,Obusaasi obuhinguraine,Aine obusaasi obuhinguraine hanyima kufa kwa mamawe.,Aine obusaasi obuhinguraine hanyima kufa kwa mamawe.,He ha trauma after his mom's death.,,2026-03-13 16:32:35.913531+00
3357,10967,12,Both,Okwenuuba okuhinguraine,Okwenuuba okuhinguraine,Okwenuuba okuhinguraine kumuletire kuceka.,Okwenuuba okuhinguraine kumuletire kuceka.,PTSD has made him lose weight.,,2026-03-13 16:34:51.945073+00
3358,10968,12,Both,Kweyiita,Kweyiita,Bibuli nataanga Kweyiita.,Bibuli nataanga Kweyiita.,The Bible is against suicide.,,2026-03-13 16:36:38.687775+00
3359,10969,12,Both,kwehutaazaa,kwehutaazaa,omwana aine ekiniiga nikimuletera kwehutaazaa,omwana aine ekiniiga nikimuletera kwehutaazaa,The boy has a lot of anger which leads him to self-harm.,,2026-03-13 16:39:47.343175+00
3361,10970,12,Both,kugumyagumya,kugumyagumya,Nayetaaga kugumyagumya.,Nayetaaga kugumyagumya.,He needs counseling.,,2026-03-13 16:41:34.505187+00
3362,10971,12,Both,Endwaire ezinagizibwe,Endwaire ezinagizibwe,Ekikara Endwaire enagizibwe,Ekikara Endwaire enagizibwe,Bad odour is an NTD.,,2026-03-13 16:44:14.876258+00
3363,10972,12,Both,Sukaali,Sukaali,Abagurusi bakiira kurwara Sukaali.,Abagurusi bakiira kurwara Sukaali.,The elderly usually suffer from diabetes.,,2026-03-13 16:46:15.506553+00
3364,10973,12,Both,Puresa,Puresa,Puresa ye ebaire haiguru yakaba.,Puresa ye ebaire haiguru yakaba.,He had hypertension and he fainted.,,2026-03-13 16:48:21.260053+00
3365,10975,12,Both,Oburwaire bw'omutima,Oburwaire bw'omutima,Oburwaire bw'omutima nibwiita.,Oburwaire bw'omutima nibwiita.,Heart disease kills.,,2026-03-13 16:51:19.461768+00
3366,10976,12,Both,kusarara,kusarara,Akusarara omuyatiire omutwe hansi.,Akusarara omuyatiire omutwe hansi.,He got a stroke when he hit his head on the floor.,,2026-03-13 16:53:21.292667+00
3367,10977,12,Both,Ekokoro,Ekokoro,Akaitwa ekokoro.,Akaitwa ekokoro.,He died of cancer.,,2026-03-13 16:54:42.653637+00
3368,10978,12,Both,Ekizimba,Ekizimba,Bakamusanga n'ekizimba mumutwe.,Bakamusanga n'ekizimba mumutwe.,He was found with a tumor in his head.,,2026-03-13 16:57:23.766025+00
3369,10979,12,Both,Ekokoro,Ekokoro,Ekokoro zigumire kujanjaba.,Ekokoro zigumire kujanjaba.,Malignants are hard to treat.,,2026-03-13 16:59:21.722151+00
3370,10980,12,Both,Tikirumukokoro,Tikirumukokoro,Dakitali agambire ngu ekizimba tikirumukokoro.,Dakitali agambire ngu ekizimba tikirumukokoro.,The doctor said that the tumor is benign.,,2026-03-13 17:01:36.893198+00
3371,10981,12,Both,Okuhwebwamu esagama,Okuhwebwamu esagama,kulya kubi kukamuletera Okuhwebwamu esagama.,kulya kubi kukamuletera Okuhwebwamu esagama.,Poor feeding made her develop anemia.,,2026-03-13 17:04:52.239907+00
3372,10982,12,Both,obutafali kufoka ekisalizo musagama,obutafali kufoka ekisalizo musagama,Nanyina atahangale habw'obutafali kufoka ekisalizo musagama.,Nanyina atahangale habw'obutafali kufoka ekisalizo musagama.,Even her mother didn't live long because of sickle cell.,,2026-03-13 17:09:36.769208+00
3373,10984,12,Both,Obujanjabi bw'ekokoro,Obujanjabi bw'ekokoro,Obujanjabi bw'ekokoro bwasente nyingi.,Obujanjabi bw'ekokoro bwasente nyingi.,chemotherapy is very costly.,,2026-03-13 17:13:07.801945+00
3374,10985,12,Both,Ekimulikyo ky'ekokoro,Ekimulikyo ky'ekokoro,endwaire ye nejanjabibwa ekimulikyo ky'ekokoro.,endwaire ye nejanjabibwa ekimulikyo ky'ekokoro.,The is getting radiation as her treatment for cancer.,,2026-03-13 17:15:54.249147+00
3375,10986,12,Both,Okusemeza ekokoro,Okusemeza ekokoro,Kazooba nagenda kusemizibwa ekokoro  y'okuguru,Kazooba nagenda kusemizibwa ekokoro  y'okuguru,Kazooba is going for surgery of his leg that has cancer.,,2026-03-13 17:18:46.187649+00
3376,10987,12,Both,Amacu,Amacu,Amacu gamuletera kwicya kubbi.,Amacu gamuletera kwicya kubbi.,Asthma makes her breath badly.,,2026-03-13 17:20:33.358434+00
3377,10988,12,Both,Okuhutara ekihaha,Okuhutara ekihaha,Okuhutara ekihaha kukamwita hanyima yokunywa muno etaaba.,Okuhutara ekihaha kukamwita hanyima yokunywa muno etaaba.,Bronchitis killed him after he smoked a lot.,,2026-03-13 17:23:21.110421+00
3379,10991,12,Both,Ebigenge,Ebigenge,Ebigenge biturra.,Ebigenge biturra.,Liprosy is a trasmitted disease.,,2026-03-13 17:29:05.159958+00
3380,10990,12,Both,Ebigenge,Ebigenge,Ebigenge butuura.,Ebigenge butuura.,Hansen's disease is a trasmitted disease.,,2026-03-13 17:30:02.286987+00
3381,10992,12,Both,Iraru,Iraru,Omwana akarumwa embwa yagwa iraru.,Omwana akarumwa embwa yagwa iraru.,The dog bit the child and he got rabies.,,2026-03-13 17:32:30.422684+00
3382,10993,12,Both,Empungira,Empungira,Arwaire okuhungira.,Arwaire okuhungira.,He is suffering from sleeping sickness.,,2026-03-13 17:34:23.394183+00
3383,10994,12,Both,Ebijuju,Ebijuju,Oburwaire bw'ebijuju bumukwasire,Oburwaire bw'ebijuju bumukwasire,He has contracted trypansormiasis.,,2026-03-13 17:36:37.163209+00
3384,10995,12,Both,Ekimera,Ekimera,Enkokorutanga kimera.,Enkokorutanga kimera.,Aloe vera is a plant.,,2026-03-13 17:38:45.156074+00
3385,10996,12,Both,Ekisaka,Ekisaka,Ekisaka kikamutambira orususu.,Ekisaka kikamutambira orususu.,The herb treated his skin.,,2026-03-13 17:40:25.724699+00
3386,10998,12,Both,Ekikoora,Ekikoora,Ebikoora ebimu bitamba endwaire.,Ebikoora ebimu bitamba endwaire.,some leaves are used to treat diseases.,,2026-03-13 17:44:11.521809+00
3387,10999,12,Both,Omuhama,Omuhama,Omuhama gw'omukindo gutamba obuferwa,Omuhama gw'omukindo gutamba obuferwa,Phoenix recline root cures impotence.,,2026-03-13 17:46:11.059045+00
3388,11000,12,Both,Ekisusu,Ekisusu,Ekisusu nakyo niike ebkibitamba.,Ekisusu nakyo niike ebkibitamba.,There are also sicknesses cured by bark (tree coverings).,,2026-03-13 17:48:45.926045+00
3389,11001,12,Both,Embibo,Embibo,Embibo zinu tizirizirungi.,Embibo zinu tizirizirungi.,These seeds are not good.,Enjuma,2026-03-13 17:50:59.789171+00
3390,11002,12,Both,Ensese,Ensese,Ensese nibuza obusinge,Ensese nibuza obusinge,Dysentry makes one peaceless.,,2026-03-13 17:53:13.058691+00
3391,11003,12,Both,Birihaziya,Birihaziya,Amaizi agarucwera gatangiira birihaziya.,Amaizi agarucwera gatangiira birihaziya.,Clean water prevents bilharzia.,,2026-03-13 17:55:35.623678+00
3392,11005,12,Both,Edwaire,Edwaire,Edwaire niita,Edwaire niita,Schistosomiasis kills.,,2026-03-13 17:58:36.958809+00
3393,11006,12,Both,obuhuka bw'amaiso,obuhuka bw'amaiso,obuhuka bw'amaiso nibukufora kimbara.,obuhuka bw'amaiso nibukufora kimbara.,River blindness can cause permanent blindness.,,2026-03-13 18:01:03.150757+00
3394,11008,12,Both,Obujoka bw'omumaiso,Obujoka bw'omumaiso,Obujoka bw'omumaiso nibukuletera kurumwarumwa.,Obujoka bw'omumaiso nibukuletera kurumwarumwa.,Onchocerciasis causes itching in the eyes.,,2026-03-13 18:04:10.87087+00
3395,11010,12,Both,Obujojo,Obujojo,Obujojo nibuzimbisa amaguru.,Obujojo nibuzimbisa amaguru.,Elephantiasis makes the legs swell.,,2026-03-13 18:06:28.232898+00
3396,10297,12,Both,Kutangira,Kutangira,Abaana batungire omubazi gw'okutangira.,Abaana batungire omubazi gw'okutangira.,The children got vaccination.,,2026-03-13 18:08:03.393621+00
3397,10298,12,Both,Kugema,Kugema,Mulete abaana babageme.,Mulete abaana babageme.,Bring the children for immunization.,,2026-03-13 18:09:12.277329+00
3398,10299,12,Both,"Kwimukya ","Kwimukya ",Dakitali atuhaire omubazi gw'okwimukya abasirukaale bomubiri,Dakitali atuhaire omubazi gw'okwimukya abasirukaale bomubiri,The doctor gave us medicine for boosting immunity.,,2026-03-13 18:12:32.888263+00
3399,10372,12,Both,Kutahirirwa,Kutahirirwa,Kutahirirwa endwaire nekimara amaani.,Kutahirirwa endwaire nekimara amaani.,An infection can make you very weak.,,2026-03-13 18:14:49.042098+00
3400,10301,12,Both,obuhuka,obuhuka,obuhuka obutaito obukuleta endwaire.,obuhuka obutaito obukuleta endwaire.,Some small bacteria which can cause diseases.,,2026-03-13 18:16:23.345159+00
3401,10302,12,Both,Entahirizi,Entahirizi,Entahirizi ya corona ekatutahirra omu 2019.,Entahirizi ya corona ekatutahirra omu 2019.,The corona virus broke out in 2019.,,2026-03-13 18:18:16.230644+00
3402,10389,12,Both,Emibazi,Emibazi,Emibazi egi neyeta sente nyingi,Emibazi egi neyeta sente nyingi,Those drugs require so much money.,,2026-03-13 18:20:46.952699+00
3403,10390,12,Both,Akajuma,Akajuma,Akajuma nikasaarra.,Akajuma nikasaarra.,The tablet is bitter.,,2026-03-13 18:21:37.779459+00
3404,10551,12,Both,Ebisa,Ebisa,Ebisa bimurumire habw'obwire bwingi.,Ebisa bimurumire habw'obwire bwingi.,The had contractions for a very long time.,,2026-03-13 18:23:07.17816+00
3406,10552,12,Both,Orulera,Orulera,orulera rusarwa dakitali.,orulera rusarwa dakitali.,The doctor cuts the Umblical cord.,,2026-03-13 18:27:47.924268+00
3407,10553,12,Both,Ebyenyuma,Ebyenyuma,Balinzire ebyenyuma kurugayo bamusimule.,Balinzire ebyenyuma kurugayo bamusimule.,The are waiting for the placenta to come out so that they can clean her.,,2026-03-13 18:29:35.04839+00
3408,10554,12,Both,Amazire kuzaara,Amazire kuzaara,Amazire kuzaara nayetaaga kuhumuraho.,Amazire kuzaara nayetaaga kuhumuraho.,she needs to rest afterbirth.,,2026-03-13 18:30:46.495411+00
3409,10555,12,Both,Kusemeza,Kusemeza,Tasindikire bamusemize.,Tasindikire bamusemize.,She was unable to push so she got a caesarean.,,2026-03-13 18:32:08.146051+00
3410,11013,12,Both,Kusisikara,Kusisikara,Asisikaire amaiso.,Asisikaire amaiso.,She has an eye impairment.,,2026-03-13 18:34:25.879546+00
3411,11014,12,Both,Enyikara embi,Enyikara embi,Enyikara embi y'omubiri,Enyikara embi y'omubiri,Physically handicapped.,,2026-03-13 18:36:30.023415+00
3412,11015,12,Both,Kimbaara,Kimbaara,Ogu omusaija kimbaara.,Ogu omusaija kimbaara.,That man is blind.,,2026-03-13 18:38:11.409076+00
3413,11016,12,Both,Kifamatu,Kifamatu,Kifamatu aiziire haisomero.,Kifamatu aiziire haisomero.,The deaf boy came to school.,,2026-03-13 18:40:03.397586+00
3414,11017,12,Both,Atakubaza.,Atakubaza.,Omwana akazarwaa atakubaza.,Omwana akazarwaa atakubaza.,The child was born mute.,,2026-03-13 18:42:16.72011+00
3415,11018,12,Both,Kurubata,Kurubata,Kurubata kuyamba kugumya amagufu.,Kurubata kuyamba kugumya amagufu.,Mobility strengthens the bones.,,2026-03-13 18:45:14.259522+00
3416,11019,12,Both,Kuhondereza,Kuhondereza,Endwara egi neyetaaga kuhondereza.,Endwara egi neyetaaga kuhondereza.,That disease needs surveillance.,,2026-03-13 18:47:34.893464+00
3417,11020,12,Both,Kusungusura,Kusungusura,Kusungusura abaine ebihinzi boona.,Kusungusura abaine ebihinzi boona.,Putting everyone with flu under quarantine.,,2026-03-13 18:50:29.891569+00
3418,11021,12,Both,Kusoroora,Kusoroora,Abaraire b'ebola babatwara mu'kusoroora.,Abaraire b'ebola babatwara mu'kusoroora.,Embola patients are put into isolation.,,2026-03-13 18:52:42.723491+00
3419,11022,12,Both,Kutarubata,Kutarubata,Omubwire bwa covid 19 tukaba tutakurubata.,Omubwire bwa covid 19 tukaba tutakurubata.,"During covid 19,we were put under lockdown.",,2026-03-13 18:55:30.58634+00
3420,2818,9,Both,kiri kita?,kiri kita?,What's going on?,What's going on?,Biraha ebyoboine?,garaha,2026-03-14 08:15:48.311047+00
3421,11023,11,Both,ABABBOPI,ABABBOPI,Omugo wa omukama Solomon iguru aba Mubbopikati.,Omugo wa omukama Solomon iguru aba Mubbopikati.,The queen to the king Solomon Iguru is a mubbopukati.,"Okuganda , Omuziro ,Ekiko , Ngoro",2026-03-27 08:43:20.792758+00
3423,11025,11,Both,Abaana,Abaana,Abaana abatakahikize enyaka ikumi namunana yobukuru.,Abaana abatakahikize enyaka ikumi namunana yobukuru.,Children are young people below eighteen years.,"Abakuru ,Ensinganto , Abasingazi",2026-03-27 09:09:05.963468+00
3427,11041,11,Both,Ababiito,Ababiito,Oruganda rwababiito nuho aruga omukakama wabunyoro na Tooro.,Oruganda rwababiito nuho aruga omukakama wabunyoro na Tooro.,From the Babiito clan comes the kings of Bunyoro and Tooro.,"Ruganda , Omuzino , Engabi",2026-03-27 09:14:21.029985+00
3428,11028,11,Both,Ababwiju,Ababwiju,Ababwiju aruga mukuruwemurwa yomukama.,Ababwiju aruga mukuruwemurwa yomukama.,The Ababwiju clan comes the Director kings Rituals.,"Ruganda , Omuziro , Enjubu , Ensere",2026-03-27 09:20:15.54166+00
3429,11032,11,Both,Ababworo,Ababworo,Ababworo Ruganda omulema ensiya Mbooga DRCongo.,Ababworo Ruganda omulema ensiya Mbooga DRCongo.,The Ababworo are the ruling clan in Mbooga DRCongo.,"Ruganda ,Omuziro , Obwiriza",2026-03-27 09:24:54.404556+00
3432,11030,11,Both,Ababwongo,Ababwongo,Ababwongo bali abomuhanganda za Tooro na BUNYORO,Ababwongo bali abomuhanganda za Tooro na BUNYORO,The Ababwongo are of clans in Bunyoro and Tooro,"Rugnda , Omuziro , Engabi ,Ababbwongo",2026-03-27 09:29:13.859564+00
3436,11034,11,Both,Ababyansi,Ababyansi,Ababyansi baba bantu abakozi namaani.,Ababyansi baba bantu abakozi namaani.,The ababyansi are hard working people.,"Ruganda , Omuziro , Busito",2026-03-27 09:36:58.143574+00
3437,11036,11,Both,"Abacaaki ","Abacaaki ",Abacaki abaijukura Bakyomya.,Abacaki abaijukura Bakyomya.,Abacaaki are Decendants of Kyomya.,"Ruganda , Omuziro  , Engabi",2026-03-27 09:39:46.596862+00
3438,11042,11,Both,Abacwa,Abacwa,Abacwa bali bave omubunyoro na Tooro.,Abacwa bali bave omubunyoro na Tooro.,The Abacwa are few in Bunyoro and Tooro..,"Oruganda , Omuziro , Engabi .",2026-03-27 09:45:07.324438+00
3440,11044,11,Both,Abacwamba,Abacwamba,Abacwamba bakazi baabo bazara ameezi ikumi na lumu.,Abacwamba bakazi baabo bazara ameezi ikumi na lumu.,The Abacwamba their wives delivers after eleven months .,Embazi,2026-03-27 09:51:25.785554+00
3451,11046,11,Both,Abacwamba,Abacwamba,The Abaweezi  Bakalema BuyooroKitara.,The Abaweezi  Bakalema BuyooroKitara.,The Abaweezi ruled the empire of Buyooro.,"Ruganda , Omuziro , Busito ",2026-03-28 09:05:28.648331+00
3452,11047,11,Both,Abaduuma,Abaduuma,Abaliinzi B'omukama bamurubatira haihi.,Abaliinzi B'omukama bamurubatira haihi.,The Abaduuma are guards to King and walk so close to him .,"Abalinzi , Duuma ",2026-03-28 09:11:01.947421+00
3456,11049,11,Both,Abadwaro,Abadwaro,Abadwaro bali haihi na Babiito.,Abadwaro bali haihi na Babiito.,The Abadwaro are close to Babiito.,"Ruganda  , Omuziro , Engabi",2026-03-28 09:18:12.223758+00
3458,11050,11,Both,Abafumambogo,Abafumambogo,Abafumambogo nibo Bahimbire Katokimera kumutwara Buganda.,Abafumambogo nibo Bahimbire Katokimera kumutwara Buganda.,Abafumambogo carried Katokimera to Buganda.,"Ruganda , Omuziro , Abarongo , Embogo",2026-03-28 09:23:54.070134+00
3461,11051,11,Both,Abafunjo,Abafunjo,Abafunjo bakanya Muno Buyaga na Bufunjo eya Tooro.,Abafunjo bakanya Muno Buyaga na Bufunjo eya Tooro.,The Abafunjo are more in Buyaga and Bufunjo of TOORO,"Ruganda , Omuziro , Entajumba,",2026-03-28 09:29:57.592388+00
3462,11052,11,Both,"Abagahi ","Abagahi ",ABAGAHI banya mirwa omu TOORO,ABAGAHI banya mirwa omu TOORO,The Bagahi are ritualists in Tooro.,"Ruganda , Omuziro , Ensere , Enjubu ",2026-03-28 09:38:57.257061+00
3465,11053,11,Both,"Abagaya ","Abagaya ",Abagaya bantu bekambi omubintu byona Ebikora.,Abagaya bantu bekambi omubintu byona Ebikora.,The ABAGAYA are the first to act in all what they do.,"Ruganda , Omuziro , Amalegyo.",2026-03-28 09:43:42.672688+00
3467,11054,11,Both,"Abagesera ","Abagesera ",Abasera ruganda ruke muno kulengasaniza nezindi.,Abasera ruganda ruke muno kulengasaniza nezindi.,Abagesera are small clan compared to other clans .,Ruganda .,2026-03-28 09:55:20.615867+00
3468,11055,11,Both,Abagimu,Abagimu,Abagimu bantu bamaanikandi bobulyo.,Abagimu bantu bamaanikandi bobulyo.,The Abagimu are strong and brave.,"Ruganda , Omuziro , Amalegyo ",2026-03-28 10:00:43.66676+00
3469,11056,11,Both,Abagizi,Abagizi,Ruganda rwesigwa nikyo arugirwamu abakozi abarungi .,Ruganda rwesigwa nikyo arugirwamu abakozi abarungi .,Abagizi where the Omukama's comfident workers and drawn.,Ruganda,2026-03-28 10:10:45.235946+00
3470,11057,11,Both,"Abagombe ","Abagombe ",Abagombe bantu bamagezi muno ira akabamu abafumu kinya amairu.,Abagombe bantu bamagezi muno ira akabamu abafumu kinya amairu.,Abasombe are wise people long ago their member Kinyamairu was a witchman.,"Ruganda , Omuziro , Entimba ",2026-03-28 10:20:52.301102+00
3472,11058,11,Both,"Abagondi ","Abagondi "," Abagondi bantu bokusemererwa."," Abagondi bantu bokusemererwa.",The Abagondi are happy happy.,"Oruganda , Engabi",2026-03-28 10:34:25.564847+00
3473,11059,11,Both,"Abagonya ","Abagonya ",Abagonya tubakira kukanya omu Tooro.,Abagonya tubakira kukanya omu Tooro.,The Abagonya are not many in Tooro.,Oruganda.,2026-03-28 10:38:37.924819+00
3474,11060,11,Both,Abagorongwa,Abagorongwa,Abagorongwa baba bantu abaserra intungo.,Abagorongwa baba bantu abaserra intungo.,The Abagorogwa people put effort to look for riches .,"Ruganda , Omuziro , Engabi .",2026-03-28 10:46:09.4894+00
3475,11061,11,Both,"Abagumba ","Abagumba ",Abagumba bagonze ebyende ma kandi nente.,Abagumba bagonze ebyende ma kandi nente.,The Abagumba people love leadership and love cattle.,"Ruganda , Omuziro , Engabi .",2026-03-28 10:55:59.531357+00
3478,11062,11,Both,Abagweeri,Abagweeri,Abagweeri nubo bazaraaga Omukama Rukidi III owa Tooro.,Abagweeri nubo bazaraaga Omukama Rukidi III owa Tooro.,Among the Abagweeri people came thr mother of King Rukidi III of Tooro.,"Oruganda , Omuziro , Engabi ",2026-03-28 11:08:29.79322+00
3479,11064,11,Both,"Abahangara ","Abahangara ",Abahangara ruganga ruke.,Abahangara ruganga ruke.,The Abahangara is a small clan.,"Ruganda , Engabi ",2026-03-28 11:14:40.296117+00
3480,11066,11,Both,"Abahamba ","Abahamba ",Abahamba baba be kanbi omubuli kintu kandi baba namaka marungi.,Abahamba baba be kanbi omubuli kintu kandi baba namaka marungi.,The Abahamba are quick to act and they have good families.,"Ruganda , Omuziro , Enyansi , Kyensonga ",2026-03-28 11:20:47.577652+00
3481,11068,11,Both,"Abakemba ","Abakemba ",Abakemba bantu bagezimunno bakamya kyaka.,Abakemba bantu bagezimunno bakamya kyaka.,The Bakemba are wise.,,2026-03-28 11:43:41.602194+00
3488,11069,11,Both,Abahati,Abahati,Abahati bagira obuzaale na Bazira.,Abahati bagira obuzaale na Bazira.,The Abahati  are related to Abazira.,"Oruganda , Omuziro , Entajumba. ",2026-03-28 11:51:50.002729+00
3491,11070,11,Both,Abahemba,Abahemba,Abahemba Bantu bamagezi omukukola Emirimu yengaro.,Abahemba Bantu bamagezi omukukola Emirimu yengaro.,The ABAHEMBA people are wise in doing craft work.,"Ruganda , Omuziro",2026-03-28 11:59:27.803867+00
3492,11071,11,Both,Abahereza,Abahereza,Abahereza baba bantu abarukworooba.,Abahereza baba bantu abarukworooba.,The Abahereza are humble people.,"Ruganda , Omuziro,",2026-03-28 12:06:58.791816+00
3494,11072,11,Both,Abahinda,Abahinda,Abahinda baina obuzaale na balemi ba Ankole.,Abahinda baina obuzaale na balemi ba Ankole.,The Abahinda are related to the leaders of Ankole .,"Ruganda , Omuziro , Enkende",2026-03-28 12:13:02.853094+00
3495,11073,11,Both,"Abaigara ","Abaigara ",Abaigara bantu tibatalibaniza bagenzi baabo.,Abaigara bantu tibatalibaniza bagenzi baabo.,The Abaigara people dont disturb others .,"Ruganda, Engabi",2026-03-28 12:24:52.71733+00
3496,11074,11,Both,Abaihangwe,Abaihangwe,Abaihangwe kitabu kya Babiito.,Abaihangwe kitabu kya Babiito.,Abaihangwe are a sub clan of Babiito.,"Kitabu , Omuziro , Engabi",2026-03-28 12:33:34.263641+00
3497,11075,11,Both,Abaisanze,Abaisanze,Abaisanze balinda Ekitebe kyomukama wa Tooro.,Abaisanze balinda Ekitebe kyomukama wa Tooro.,The Abaisanze are guards of the seat of the king of Tooro.,"Ruganda , Omuziro , Entimba ",2026-03-28 12:47:02.476326+00
3499,11076,11,Both,ABAISIKATWE,ABAISIKATWE,Abaisikatwe bantu bake muno baikara benagire hanuna kali Bunyooro na Tooro.,Abaisikatwe bantu bake muno baikara benagire hanuna kali Bunyooro na Tooro.,The Abaisikatwe are few people scattered hear and there in Bunyooro and Tooro.,"Ruganda , Omuziro , Engabi ",2026-03-28 12:58:11.59772+00
3501,11077,11,Both,Abaitira,Abaitira,Abaitira bahuma kuruga kara baalinibalinda Ente nyingi.,Abaitira bahuma kuruga kara baalinibalinda Ente nyingi.,Abaitira are cattle keepers from the past .,,2026-03-28 13:06:42.557247+00
3502,11078,11,Both,"Abajagara ","Abajagara ",Abajagara kitabu kya Babiito baitu bbo tibeyoleka okuba bbo .,Abajagara kitabu kya Babiito baitu bbo tibeyoleka okuba bbo .,"The Abajagara are a sub clan of Babiito but for them they dont show them to be . ","Ekitabu , Omuziro , Engabi ",2026-03-28 13:13:23.048369+00
3503,11079,11,Both,Abajuuka,Abajuuka,Abajuuka ruganda Rutaito kyonka abantu bamaani omumirimo yoona.,Abajuuka ruganda Rutaito kyonka abantu bamaani omumirimo yoona.,The Abajuuka is a clan of few people but strong in all what they do .,,2026-03-28 13:18:02.993818+00
3504,11080,11,Both,"Abakondere ","Abakondere ",Abasaija abateezi bamakondere .,Abasaija abateezi bamakondere .,Men who use trumpets in the royal dance .,Bazini,2026-03-28 13:33:16.560175+00
3505,11082,11,Both,"Abakorongi ","Abakorongi ",Abanyamirwa abakamira omukama .,Abanyamirwa abakamira omukama .,The Abakorongi who do the ritural of milking .,"Bakami ",2026-03-28 13:41:34.691327+00
3506,11083,11,Both,"Abakoyo ","Abakoyo ",Abakoyo  ruganda rwabantu abagonzangana.,Abakoyo  ruganda rwabantu abagonzangana.,The Bakoyo clan love one another .,"Ruganda , Omuziro",2026-03-28 13:46:07.589128+00
3507,11084,11,Both,"Abakozi ","Abakozi ",Nyowe  nyina abakozi baingi.,Nyowe  nyina abakozi baingi.,I do have many workers .,Abapakasa,2026-03-28 13:49:05.135491+00
3508,10014,11,Both,Basitoroora,Basitoroora,Amiini akaba Basitoroora enkooto.,Amiini akaba Basitoroora enkooto.,Amiini had a big pistol.,Emundu.,2026-03-30 06:18:41.668668+00
3509,10015,11,Both,Okujumika,Okujumika,Okujumika government Yoweri Museven akikora 26.1.1986 okumkya nahati obulembwe nubugenda omumaso.,Okujumika government Yoweri Museven akikora 26.1.1986 okumkya nahati obulembwe nubugenda omumaso.,The revolution of Yoweri Museven happened on 26.1.1986 since then its going .,"Okuhindura , Gavument",2026-03-30 06:23:33.90201+00
3510,10016,11,Both,okwema,okwema,okwema kwa konyomu uganda kukalemwe,okwema kwa konyomu uganda kukalemwe,the rebellion of kony in uganda failed,kujeema,2026-04-09 06:26:40.927217+00
3511,10017,11,Both,obwemi,obwemi,obwemi bwa lakwena bukabaho omu uganda,obwemi bwa lakwena bukabaho omu uganda,lakwena revolt happened in uganda,akaimukirro,2026-04-09 06:28:47.105796+00
3512,10022,11,Both,obugabe,obugabe,obugabe bwokuranuga omu uganda buroho,obugabe bwokuranuga omu uganda buroho,freedom of worship in uganda is there,obuimge,2026-04-09 06:31:24.611774+00
3513,10023,11,Both,kulemesa thwale,kulemesa thwale,kulemesa thwale erya bungereza likayereza bunyoro amasaza,kulemesa thwale erya bungereza likayereza bunyoro amasaza,colonisation of britain caused the loss of 5 countries of bunyoro,kutwara kitwara,2026-04-09 06:40:41.395021+00
3515,10024,11,Both,edema yamatwale,edema yamatwale,endemaya matwaleberekaho omwebembezi wensi egi birindamubwe,endemaya matwaleberekaho omwebembezi wensi egi birindamubwe,colonialism keep the political leader of another country as a figure head,ikeme,2026-04-09 06:53:47.435636+00
3516,10025,11,Both,"thwale ","thwale ",kenya likaba thwale lyabungereza,kenya likaba thwale lyabungereza,kenya was a colony of Britain,kulema abandu,2026-04-09 07:00:49.717471+00
3517,10026,11,Both,"owabumuntu ","owabumuntu ",owabumunta nuho owabu laikara,owabumunta nuho owabu laikara,the settlement of any body is where he/she lives,owaitu,2026-04-09 07:04:39.521299+00
3518,10027,11,Both,omunyamatwale,omunyamatwale,omunyamatwa lenuwe abaaizire nabalemi akambeka omunsi egi,omunyamatwa lenuwe abaaizire nabalemi akambeka omunsi egi,the colonist is the one who come to settle in the colony,omuryagi,2026-04-09 07:08:29.794652+00
3519,10028,11,Both,omufuriki,omufuriki,omufurukiaja mukikaro kwikarramukimu,omufurukiaja mukikaro kwikarramukimu,the settler comes a palace to settle,omutembuzi,2026-04-09 07:16:13.307436+00
3520,10030,11,Both,Okuzonzoora,Okuzonzoora,okuzonzoora kwekyambukiira kukaleeta obukrisho omu uganda,okuzonzoora kwekyambukiira kukaleeta obukrisho omu uganda,the exploration of river nile brought christianity muganda,kuzoora,2026-04-09 07:23:55.0318+00
3521,10032,11,Both,orugendo _rwahara,orugendo _rwahara,orugendo rwange india nkange ndera hamaizi ameeziabiri,orugendo rwange india nkange ndera hamaizi ameeziabiri,my voyage to india took me two months,kugendahara,2026-04-09 07:28:08.879434+00
3523,10033,11,Both,orugendo,orugendo,orugendo rwange omunsi rwokwesiga ruhanfa,orugendo rwange omunsi rwokwesiga ruhanfa,my journey on earth is to trust God,rugendo,2026-04-09 07:31:05.910314+00
3524,10034,11,Both,obufuruki,obufuruki,obufuki buguma muno hakutandika oba otannaijo oba otannay abanywani,obufuki buguma muno hakutandika oba otannaijo oba otannay abanywani,migration is hard at the beginning because,okufuruka,2026-04-09 07:35:29.117145+00
3525,10035,11,Both,okufuruka,okufuruka,okufurakira omunsi endi kyetagisa ebihandiko byebirgiro,okufurakira omunsi endi kyetagisa ebihandiko byebirgiro,emigration to a mother country requires legal documents,kugenda  omunsi endi omufwaruki,2026-04-09 07:39:41.249569+00
3526,10036,11,Both,"obwikazi ","obwikazi ",ebiragiro byobwikazi omwi itale nibyoroba,ebiragiro byobwikazi omwi itale nibyoroba,the legal process of immigration to itale is easy,kwikara kufuruka,2026-04-09 07:43:17.897376+00
3527,10037,11,Both,kwakara aheera,kwakara aheera,kwikara aheru nokora ensimbi kiryinfistaying,kwikara aheru nokora ensimbi kiryinfistaying,staying in diaspora when making money is good,hahali owanyu,2026-04-09 07:47:05.670794+00
3528,10038,11,Both,omwenjezi,omwenjezi,omwenjezi aikara narugahano nagend hali,omwenjezi aikara narugahano nagend hali,nomad person keeps moving from here to there,obujenjeezi,2026-04-09 07:50:20.97363+00
3529,10039,11,Both,omuhugi,omuhugi,omuhungi akora omulimo gwobuhingi gwonka,omuhungi akora omulimo gwobuhingi gwonka,the hunter do only hunting won,obuhugi,2026-04-09 07:52:59.566413+00
3530,10040,11,Both,"obulimi ","obulimi ",obulimi nubwo buhaire entahya abantu baingi omu uganda,obulimi nubwo buhaire entahya abantu baingi omu uganda,the hunter do only hunting work,obuhungi,2026-04-09 07:55:24.401313+00
3532,10041,11,Both,kulinda ebiri mwanebitungu,kulinda ebiri mwanebitungu,kulinda ebirimwa nebitungwa nugukorawa harulengo rutaito omu uganda,kulinda ebirimwa nebitungwa nugukorawa harulengo rutaito omu uganda,farming is done at a small scale im uganda,kuhumanakwulu,2026-04-09 07:59:10.729747+00
3534,10042,11,Both,okutunga ebisoro,okutunga ebisoro,okutunga bisoro kikalandiwa abaira,okutunga bisoro kikalandiwa abaira,domesticatio was started by our ancenstors,amatungo,2026-04-09 08:02:42.84535+00
3537,10043,11,Both,kwimukya omutinda gwobulumi,kwimukya omutinda gwobulumi,kwimukya omutindo gwobulimi nubwo tujakira nebyona elindi obubikozisibwa,kwimukya omutindo gwobulimi nubwo tujakira nebyona elindi obubikozisibwa,agriculture revolution is when tractors and machines are used,kuta ebyobu limima,2026-04-09 08:09:33.310304+00
3538,10045,11,Both,"okujumbira amakorro ","okujumbira amakorro ",okujumbira amakorro omubalaya kukatandika AD1760,okujumbira amakorro omubalaya kukatandika AD1760,the industrial revolution started in AD 1760,Amakorro kwimwakya omulindo,2026-04-09 08:13:22.17392+00
3540,10046,11,Both,amakorro,amakorro,amakorro kukanya omu uganda gakanyisize ebintu,amakorro kukanya omu uganda gakanyisize ebintu,the industry sector in uganda has increased the comodities,ikorro,2026-04-09 08:16:25.833637+00
3542,10047,11,Both,amakorro,amakorro,"amakorro kukanya omu uganda gakanyisize ebintu ","amakorro kukanya omu uganda gakanyisize ebintu ",the factory of comment of cemment procedures much cement,fakitore,2026-04-09 08:24:01.611558+00
3543,10048,11,Both,"iseero ","iseero "," lyebicooli liri haihi muno"," lyebicooli liri haihi muno",the mill for corn is very near,okusa,2026-04-09 08:26:46.495622+00
3544,10049,11,Both,masiini,masiini,leka kukora emirimo nka masiini,leka kukora emirimo nka masiini,dont do work as a machine,ekyoma ekukoma ebuntu,2026-04-09 08:29:31.539743+00
3546,10050,11,Both,enjini yomoka,enjini yomoka,enjini yo mwika bagitamu enku omurro gugiha amanikwirika,enjini yo mwika bagitamu enku omurro gugiha amanikwirika,in the steam engine are put fire enpower the engine to move,ekirwikya mutoka,2026-04-09 08:33:58.483177+00
3549,10051,11,Both,ebigadi byomwika,ebigadi byomwika,ebigadi byo mwika bigalwa hamu nukwo bikora egaali yomwika,ebigadi byo mwika bigalwa hamu nukwo bikora egaali yomwika,locomotive is connected to others and then make atrain,ekigadi euju,2026-04-09 08:37:13.987113+00
3550,10052,11,Both,egaali yomuka,egaali yomuka,egaali yomwika eraba haruguudo rwebyoma,egaali yomwika eraba haruguudo rwebyoma,the train run on railways,motoka yomwika,2026-04-09 08:48:08.613755+00
3552,10053,11,Both,"oruguudo rwegaali ","oruguudo rwegaali ",orugundo rwegaali tarabamu ekiruka ekindi,orugundo rwegaali tarabamu ekiruka ekindi,on the railway no other vehicle can pass,orugudo   nuwebyema,2026-04-09 08:55:01.876061+00
3553,10054,11,Both,oruguudo rwebyoma,oruguudo rwebyoma,egaali yomwika eraba haruguudo rwe byoma,egaali yomwika eraba haruguudo rwe byoma,passes on the rail road,omuhanda gwengaali,2026-04-09 08:58:04.018489+00
3554,10055,11,Both,emeeri,emeeri,emeeri egendera ha nyanja enkooto,emeeri egendera ha nyanja enkooto,the ship travels on big wide lakes,eryato enkoto,2026-04-09 11:09:03.322786+00
3555,10056,11,Both,obwaho,obwaho,obwato obuteebwaha maizi busereera kwonka,obwato obuteebwaha maizi busereera kwonka,the boat when put on water it just floats,bwato,2026-04-09 11:33:25.032991+00
3556,10057,11,Both,"ebeeru ","ebeeru ",ebeeru nisisana ebendera rundiesuuka ehamikirwe hanyonyo,ebeeru nisisana ebendera rundiesuuka ehamikirwe hanyonyo,sail is likened with a flag or a sheet of cloth hanged,ebendera,2026-04-09 11:37:15.794753+00
3557,10058,11,Both,eryatolyebeeru,eryatolyebeeru,eryato eryebeeru lisindikwa omuyasa,eryato eryebeeru lisindikwa omuyasa,the sailboat is pushed by the wind,elyato lyebendera,2026-04-09 11:40:09.894238+00
3558,10059,11,Both,emeeriyomwika,emeeriyomwika,Emeeri yomwika esindikwa omurro,Emeeri yomwika esindikwa omurro,the steamship is pushed by fire,eryato lyomika,2026-04-09 11:46:30.365893+00
3559,10060,11,Both,omwaro,omwaro,omwaro gwa masindi gukatebwaho abalemi ba matwale,omwaro gwa masindi gukatebwaho abalemi ba matwale,masindi port was established by  the colonial masters,isalukiro,2026-04-09 12:09:53.487858+00
3560,10062,11,Both,okusubura,okusubura,okusubusura kurungi kukanyisa entahya,okusubusura kurungi kukanyisa entahya,tradings good it increases income,obwabuzi,2026-04-09 12:17:23.33207+00
3562,10063,11,Both,obusubuzi,obusubuzi,obusubuzi bwelagisa amagezi maigi,obusubuzi bwelagisa amagezi maigi,commerce requires wisdom,ebyobubuzi,2026-04-09 12:21:53.180596+00
3563,10064,11,Both,omusubuzi rurangaarwa,omusubuzi rurangaarwa,omusubuzi ruranganwo asubura ebintubi kandi abindi basuburra gwe,omusubuzi ruranganwo asubura ebintubi kandi abindi basuburra gwe,the merchant  buys alot of goods and others buy from him,omusubuzi rwarangwa,2026-04-09 12:29:48.806304+00
3564,10065,11,Both,omusubuzi omutaito,omusubuzi omutaito,omusubuzi onutaito agwa ebintu bike kandi bihwa bwansi,omusubuzi onutaito agwa ebintu bike kandi bihwa bwansi,the trader buys few goods and sells off and goes back for more,kisubwura,2026-04-09 12:34:57.067653+00
3566,10066,11,Both,akatale,akatale,akatale bwacapira batundiramu ebintu bingi muno,akatale bwacapira batundiramu ebintu bingi muno,the market of bwacapira alot of goods are sold,empiga,2026-04-09 12:55:30.598922+00
3568,10067,11,Both,bazaa,bazaa,bazaa osangamu buli kintu orukwetaaga kugura,bazaa osangamu buli kintu orukwetaaga kugura,bazaar are found commodities you want to buy,mumadwaka hagatu,2026-04-09 12:59:11.135841+00
3570,10069,11,Both,"rupiya ","rupiya ","rupiya omu uganda nizo siringi 500,200,100 na 50","rupiya omu uganda nizo siringi 500,200,100 na 50","coin money in uganda in 500,200,100 and 50shs",ebiduhindo ekidohindo,2026-04-09 13:07:32.477314+00